Q1001378	cinematic technique
Q1002697	periodical
Q1003030	test
Q1004	comics
Q1005416	federal agency
Q1006079	Federal law
Q1006876	borough in the United Kingdom
Q1007122	G
Q101352	family name
Q101352	patronym
Q101965	experiment
Q101991	inflammation
Q1019982	subdivision of Rome
Q101998	biome
Q1020767	product bundling
Q1021290	music school
Q102205	fluid
Q1022867	minor planet
Q1027098	fusor
Q1030034	GLAM
Q10301427	moving image
Q103230	ethers
Q1033074	dam failure
Q103537	antigen
Q10354598	rural settlement
Q10358588	infantry regiment
Q10374501	administrative territorial entity of Bulgaria
Q10374536	administrative territorial entity of Brazil
Q103817	indigenous people
Q103859737	homopolysaccharide
Q103863351	polar solvent
Q10389811	entry
Q10400865	hydrocarbyl group
Q104053	phenotype
Q1040689	synonym (taxonomy)
Q10408306	marine unit
Q104157	city of the Philippines
Q104383602	aromatic plant
Q104493	risk
Q1045608	prefecture of the People's Republic of China
Q1046088	hall of fame
Q1046481	long gun
Q1047113	specialty
Q1047213	measurement tool
Q1048295	Cassegrain mirror system
Q104837	phase
Q104843	cruiser
Q104868882	LAU 1
Q1048835	political territorial entity
Q1049394	phonetic writing system
Q1049540	administrative territorial entity of Northern Ireland
Q1051792	intelligence test
Q105210	universal law
Q10525	sex
Q1052804	exterior ornament of the shield
Q1052894	single-member district
Q10528967	hydroxy acid
Q1053463	census geographic unit of Canada
Q105420	anthology
Q1054813	municipality of Japan
Q10553309	legislative house
Q105538253	online store
Q1055465	girder bridge
Q1056408	open format
Q1057079	pregnancy category
Q105731	lock
Q10578722	maximum
Q1057954	by-election
Q1058681	differential operator
Q1059564	cataclysmic variable star
Q105999	cargo ship
Q1063547	voice type
Q1063801	tertiary source
Q1063	evolution
Q1064242	polyatomic ion
Q10648343	duo
Q106520	hydride
Q1065579	costume accessory
Q1065742	religious music
Q1066186	study of history
Q106658	rural district of Germany
Q10669499	naval officer
Q1067164	transport line
Q10675206	ingredient
Q1068715	telecommunications network
Q106959824	Lost artwork
Q106959824	lost city
Q1069891	transfinite number
Q10714182	pervasive game
Q1071	geography
Q10737	suicide
Q107390	federated state
Q107425	landscape
Q107425	Landscape
Q10742	autonomous community of Spain
Q1075310	sailboat
Q107541469	monastic order
Q10756188	treasury
Q1075	color
Q1076099	school library
Q1076105	general election
Q1076486	sports venue
Q1076579	act of parliament
Q1076882	battery electric vehicle
Q1076968	digital media
Q107715	physical quantity
Q1077784	programming tool
Q1078001	territorial dispute
Q1078765	train wreck
Q1079023	championship
Q107968	anion
Q1079693	national emblem
Q107	space
Q1081138	historic site
Q108163	proposition
Q10822464	angel in Christianity
Q10827272	ayuntamiento
Q10836209	digital currency
Q1084059	Christian literature
Q10843872	engineering process
Q10855061	archaeological find
Q10856962	anthroponym
Q10861296	zoocide
Q10862338	scientific knowledge
Q10864048	first-level administrative country subdivision
Q108709	diminutive
Q10872023	organizational structure of cities in the People’s Republic of China
Q10882966	exchange building
Q10884	tree
Q1088552	Catholic church
Q108886227	Formula One race
Q1088986	Q1088986
Q1088	blue
Q10916755	collaborative cataloging
Q10929058	model
Q1093829	city of the United States
Q1093954	nomen illegitimum
Q109411	curse
Q1094654	biological selection
Q1095693	F type
Q10968259	stipend
Q1097273	epic literature
Q1097498	ruler
Q109940	duet
Q109940	duo
Q11010	parliament
Q11016	technology
Q11019	machine
Q11024	communication
Q11028	information
Q11030	journalism
Q11032	newspaper
Q11033	mass media
Q11042	culture
Q11053	RNA
Q11072804	musical ensemble consisting solely of instruments
Q1107656	garden
Q1107	anime
Q11086742	anime television program
Q11105360	medium of exchange
Q1114461	comics character
Q1115533	flammable object
Q1115575	civil parish
Q11158	acid
Q11173	chemical compound
Q11175	control
Q11177771	artistic technique
Q11197	logarithm
Q11201	supreme court
Q11204	legislature
Q112099	island nation
Q1123840	symbols of Europe
Q1124198	affection
Q11253473	smart device
Q11254	salt
Q11266439	Wikimedia template
Q11271835	state capital
Q1128637	national symbol
Q112865	administrative territorial entity of Mexico
Q1129645	trade bloc
Q1129743	filial church
Q1130510	figurate number
Q1130645	open-source software
Q1131329	grotto
Q1132455	hazard
Q1133961	commercial district
Q11344	chemical element
Q11344	element
Q11348	function
Q11348	mapping
Q1135567	buckle
Q1135789	unintended consequences
Q11358	carbohydrate
Q11364	hormone
Q1136525	snow storm
Q11367	lipid
Q1137109	game publisher
Q1137210	country club
Q1137468	aerial bomb
Q1137594	coupé
Q1137656	ethnonym
Q1138494	former county
Q1138671	Catholic school
Q1138737	light source
Q1139274	copyleft license
Q11396303	print book
Q11396960	production company
Q11398090	creation
Q11399	rock
Q11399	rock music
Q1140046	mathematical notation
Q114106	metasearch engine
Q11410	game
Q11410	play
Q11417	martial arts
Q11422	toy
Q11424100	status
Q11424	film
Q1143175	administrative territorial entity of Iceland
Q11432	gas
Q11435	fluid
Q11435	liquid
Q1143604	proceedings
Q11436	aircraft
Q11438	solid
Q11442	cycle
Q11446	ship
Q11446	vessel
Q11448906	science award
Q1145276	fictional country
Q11455398	patronymic surname
Q1146001	light source
Q11465	velocity
Q11483816	annual event
Q1150070	change
Q11500	area
Q1150710	strategy game
Q1150958	play
Q1151067	rule
Q1151405	client state
Q11514315	historical period
Q1153191	news website
Q1153376	seaplane
Q1154710	association football venue
Q1155083	granular material
Q1155688	Thesaban
Q11563	number
Q11567	complex number
Q1156831	supraorganization
Q1156854	policy
Q11573	metre
Q11578774	broadcasting program
Q11579	K
Q115940	seaplane
Q1160920	unitary authority
Q1161161	M-type star
Q11618279	LAU 1
Q11618417	LAU 2
Q11629	painting
Q11634	sculpture
Q11635	theater
Q11635	theatre
Q1163915	Gun carriage
Q11653	component
Q11661	information technology
Q1166625	mathematical problem
Q11666901	nominal kinship
Q1168287	intervention
Q1168287	military intervention
Q11691318	Kulturdenkmal
Q11696608	aspect of music
Q11707	restaurant
Q1172284	data set
Q11723014	hydrogen chalcogenide
Q1172540	data stream
Q1172599	inlet
Q11751655	polycarboxylic acid
Q11755880	residential building
Q11755959	multi-storey urban building
Q11771944	civil service
Q11773926	ecclesiastical title
Q11781066	microregion
Q11784425	physical model
Q11796413	decoration
Q11797724	olefin
Q11822042	transport accident
Q11826511	scholarly work
Q11835431	engraving
Q1183543	device
Q1184244	delict
Q11862829	academic discipline
Q1186399	spin-off
Q1186952	interactive media
Q1187580	non-metropolitan district
Q1188782	county-equivalent
Q1190554	event
Q1190554	incident
Q1190554	occurrence
Q1191085	orders of magnitude of numbers
Q119158	federal district
Q11917457	administrative territorial entity of Catalonia
Q1194058	disposable product
Q1194368	capital ship
Q1194951	national sports team
Q1194970	dot-com company
Q1195098	ward
Q1196038	groupoid
Q1196054	administrative territorial entity of Ethiopia
Q1197685	public holiday
Q1198376	cohomology
Q1198413	military camp
Q1199682	system testing
Q11997597	representative
Q12004466	swimming place
Q1200750	description
Q12029	addiction
Q12029	habit
Q12036439	meteor
Q12042581	Olympic award
Q12044624	periodic process
Q12047392	legal form
Q12048218	natural resource wealth
Q12051488	populated place in Ukraine
Q120544	vocal group
Q12055729	Q12055729
Q1207505	quality
Q12076836	administrative territorial entity of a single country
Q120812	magnitude
Q12084012	province level division of the Republic of China
Q1208927	autonomous administrative territorial entity of China
Q1210334	railway bridge
Q1210425	internet hosting service
Q12106333	poetry collection
Q1210950	channel
Q1211427	academia
Q1211529	overseas territory
Q1211967	trait
Q12131624	city in Ukraine
Q12131650	location of burial
Q12132640	scientific terminology
Q12132	calendar
Q121359	infrastructure
Q12135	mental disorder
Q12136	condition
Q12136	disease
Q12136	disease of anatomical entity
Q12139612	list
Q12140	drug
Q12140	medication
Q12143	time zone
Q12144897	industrial building
Q12146012	underground building
Q121750	gas giant
Q121916	writing implement
Q1220959	building of public administration
Q122653	numeral system
Q1227249	international incident
Q12277	arch
Q12280	bridge
Q12284	canal
Q1229071	motif
Q12292478	estate
Q1229765	watercraft
Q1231592	electron acceptor
Q12321	palindrome
Q12323	dam
Q1233637	river mouth
Q12348793	auxiliary language
Q1235234	document repository
Q123705	district
Q123705	neighborhood
Q123705	quarter
Q12370	salt
Q123737	Emmy Award
Q12376661	artificial body of water
Q12405827	biblical character
Q12410555	shooting attack
Q12413618	international border
Q1241568	military cemetery
Q12433046	Roman fortification
Q1244442	school building
Q1244890	rational number
Q1245089	promontory
Q1246258	artillery gun
Q1246446	secular hymn
Q124714	spring
Q124734	rebellion
Q12479773	first-level administrative country subdivision in Indonesia
Q1248784	aerodrome
Q1248784	airport
Q12488383	content
Q124964	coalition
Q12503	integer
Q1250464	kingdom
Q1250464	realm
Q1250916	warrior
Q1251001	dose–response relationship
Q1251441	leader
Q12518	tower
Q1252971	food manufacturer
Q12548019	calcium compounds
Q1254874	television network
Q1254933	astronomical observatory
Q12550685	arsenic compounds
Q12555933	sodium compound
Q125734	personal weapon
Q12594804	late effect
Q12597599	aromatic carboxylic acid
Q1259759	miniseries
Q125977	vector space
Q1260006	drug cartel
Q12617225	religious literature
Q1263068	duplicate entry
Q12648	domestic short-haired cat
Q1266031	angel in Islam
Q1266818	independent city
Q1266946	thesis
Q1267889	waterway
Q126818	dimensionless quantity
Q1269299	type of business entity
Q126955	level set
Q12718609	statistical method
Q127197	bomb
Q127244	Gδ set
Q12725	electricity
Q12737077	occupation
Q1276157	travel website
Q12767945	language device
Q12769393	conclusion
Q12769393	end
Q127731	state decoration
Q127843	pen name
Q1278452	polyptych
Q12786121	warfare
Q12800	machine gun
Q128024	academia
Q12802	nuclear weapon
Q12811949	abstract game
Q12812139	technical term
Q12819564	station
Q128207	terrestrial planet
Q12827256	myth
Q1283519	field experiment
Q1284799	South Pacific tropical cyclone
Q12859788	steamship
Q1286790	auxiliary ship
Q12894677	means
Q12909644	political ideology
Q1291195	find spot
Q12916	real number
Q1292119	style
Q1292279	political border
Q1293220	physical phenomenon
Q1293536	administrative territorial entity of Serbia
Q1293664	open content
Q12973014	sports team
Q1297322	satellite
Q1298668	science project
Q13002315	legendary figure
Q1301203	legal proceeding
Q1301371	computer network
Q1302471	unit of volume
Q130368	armored fighting vehicle
Q1306755	administrative centre
Q1307214	form of government
Q1307214	political system
Q1307276	single-family detached home
Q1307329	extraterrestrials in fiction
Q1307779	integrated municipality
Q130788	chronology
Q130901	binary relation
Q131093	content management system
Q1311670	rail infrastructure
Q131212	editor
Q131257	intellectual property
Q131269	sonata
Q13136	reference work
Q13138621	water board
Q1313923	kindred
Q131541	state or territory of India
Q131569	accord
Q131569	alliance
Q131569	convention
Q131569	treaty
Q131596	farm
Q131647	medal
Q131656	pesticide
Q131708	plutocracy
Q13179187	geographic direction
Q1318295	narrative
Q131841	idea
Q1318558	operation point
Q1318941	stage race
Q13205267	planet of the Solar System
Q13217644	concelho
Q13218357	city of California
Q13218690	town in Hungary
Q13219666	tennis tournament
Q1322005	natural phenomenon
Q13220204	second-level administrative country subdivision
Q13221722	third-level administrative country subdivision
Q1322263	place of birth
Q132241	festival
Q13226383	facility
Q13226383	venue
Q1322786	exterior
Q13235160	manufacturing company
Q1323642	transcontinental country
Q132364	communications protocol
Q132629	circuit
Q13267	sin
Q1327300	electronic journal
Q1327461	machine-readable dictionary
Q1327815	hydrogen compound
Q132821	murder
Q1329540	measuring standard
Q133145	acetylene
Q133156	colony
Q1331793	media enterprise
Q133311	tribe
Q133346	border
Q133346	boundary
Q133442	city-state
Q1334738	international standard
Q133492	letter
Q133492	note
Q133585	airship
Q13381310	local council
Q13396669	province-level division
Q1340449	review site
Q13405593	nature deity
Q13406463	list
Q13406463	Wikimedia list article
Q13406554	sports festival
Q13409250	aerial lift
Q13414953	religious denomination
Q13415428	projection
Q134161	joint-stock company
Q13417114	noble family
Q13417200	carbonated beverage
Q13418847	historical event
Q1342205	administrative territorial entity of Peru
Q134307	portrait
Q1343202	denial
Q1344963	world championship
Q1344	opera
Q1345234	comarca of Spain
Q13473501	collective
Q1347367	capability
Q134768	cocktail
Q134808	vaccine
Q134830	prefix
Q134856	carboxylic acid
Q1348645	learning material
Q134995	bibliography
Q135010	war crime
Q1350310	administrative territorial entity of the Philippines
Q1352230	Territory of the United States
Q13539802	place with town rights and privileges
Q13580678	multi-sport club
Q1358344	newscast
Q13629441	electric vehicle
Q1363241	plant variety
Q13638494	fusillade
Q1364324	uyezd
Q1364556	music award
Q1365122	administrative territorial entity of Chile
Q1366112	television drama
Q1366722	final
Q1368	cash
Q1368	money
Q1369650	professional sports
Q13698	puzzle
Q1370598	place of worship
Q1370617	measurement scale
Q1371819	plan
Q1377182	liberal arts college
Q137773	ward of Japan
Q1378139	robotic spacecraft
Q1379672	evaluation
Q138659	logogram
Q1387388	mythical hybrid
Q1387659	school of thought
Q13878858	natural process
Q138840	Common Germanic deities
Q13890	double star
Q1391125	specialized database
Q1391145	professional society
Q1391417	specialized dictionary
Q1394476	civil township
Q1395034	new product development
Q1402016	magic in Harry Potter
Q1406161	artistic theme
Q140686	chairperson
Q1406	Microsoft Windows
Q1407225	television award
Q14075	free content
Q1408286	industrial process
Q1411242	vice
Q1411287	animal shelter
Q14116	Mac OS
Q1413406	technical documentation
Q1414135	rolling stock
Q1414472	international human rights instrument
Q1414565	spaceplane
Q141488	graph
Q1416431	financial intermediary
Q1416636	non-banking financial company
Q14167904	process management
Q141683	broadcast network
Q1417098	inauguration
Q1417728	trade name
Q14192199	territory of Australia
Q14204246	Wikimedia project page
Q1420	car
Q1424016	cableway
Q1424047	offense against personal freedom
Q1427085	okrug
Q142714	card game
Q1428334	paradigm
Q1428923	profinite group
Q1429439	logical volume management
Q14296	top-level domain
Q1431026	horeca
Q143210	religious experience
Q1433006	floor covering
Q14333920	halogenated hydrocarbon
Q1434313	river god
Q1434505	administrative territorial entity of Indonesia
Q14346334	web television
Q1434958	fossil-fuel power station
Q1436016	stellar population
Q143623	sterol lipids
Q1437361	form
Q1438040	research library
Q14406742	comic book series
Q1441305	clinical sign
Q1441305	sign
Q1443316	Christmas music
Q1444	organ
Q1445650	holiday
Q1445650	observance
Q14469439	centered polyhedral number
Q144	dog
Q14502790	settlement of Hungary
Q14506045	optical phenomenon
Q14514600	group of fictional characters
Q14524493	terrain
Q145273	polyamide
Q1454201	unguided bomb
Q14547231	international sporting event
Q1454986	physical system
Q1456832	delict
Q1456832	offense
Q1456930	peacekeeping force
Q1457237	media event
Q1457376	eclipsing binary star
Q1459435	phrase
Q14623646	fictional organization
Q14632398	physical science
Q1464125	webisode
Q14645593	rugby union team
Q146491	criminal law
Q14656	Unix-like
Q14659	coat of arms
Q1466064	processor
Q14660	flag
Q146768	middleware
Q1469824	controlled vocabulary
Q146	house cat
Q1471397	Fréchet space
Q147276	proper noun
Q1474493	radio communication station
Q14745	furniture
Q1474611	plot
Q14752696	Roman building
Q147538	carbonated beverage
Q147538	soft drink
Q14755054	cavalry regiment
Q14757767	fourth-level administrative country subdivision
Q14762300	single-tier municipality
Q1477115	FIFA World Cup team
Q1477744	unordered pair
Q1478437	association football competition
Q14795564	point in time with respect to recurrent timeframe
Q14819852	birth
Q14827288	Wikimedia project
Q148401	magician in fantasy
Q14864997	investment management
Q14869273	armored unit
Q14897293	fictional entity
Q149010	trilogy
Q149017	domestic rabbit
Q149086	homicide
Q14916058	State territory
Q1491746	galaxy group
Q14921981	administrative territorial entity of Belarus
Q14928	oil tanker
Q14936523	ironic award
Q149377	military operation plan
Q14946528	conflation
Q14947863	parlour game
Q149621	district
Q1496857	prayer book
Q1496967	territorial entity
Q14970	tanker ship
Q1497364	building complex
Q1497375	ensemble
Q15026	seat
Q15042037	statistical territorial entity
Q15042137	administrative territorial entity of the Netherlands
Q15044339	administrative territorial entity of Egypt
Q15053549	gravitationally bound system
Q15056993	aircraft class
Q15056995	aircraft model
Q15063111	administrative territorial entity of Burkina Faso
Q15063160	administrative territorial entity of New Zealand
Q15069452	Natura 2000 protected area
Q150784	canyon
Q15078788	broadcasting
Q15081030	motorcycle manufacturer
Q15087423	ISO standard
Q15089865	cable railway
Q15091377	cycling race
Q15092400	independent city
Q15101896	asteroid classification
Q1510761	social change
Q15116915	show
Q15126142	transport aircraft
Q15126920	administrative territorial entity of El Salvador
Q15126956	administrative territorial entity of Nicaragua
Q15127012	town of the United States
Q15135589	Pilgrimage site
Q15138389	Wikimedia article page
Q15138389	Wikipedia article page
Q151411	designation
Q15142894	weapon model
Q15175	canton
Q1517820	lineage
Q151885	concept
Q15195406	city district in Russia
Q15198957	aspect of music
Q1520311	violent crime
Q1520482	Weather god
Q15206795	exhibition hall
Q152081	concentration camp
Q15221215	rugby league team
Q15221256	city of Wisconsin
Q15229207	sports award
Q15229229	theatre award
Q15238777	legislative term
Q15239622	disputed territory
Q15253558	activist
Q15253706	like a city
Q15259995	recurring tournament
Q15265344	broadcaster
Q15275719	recurring event
Q1527901	unmanned vehicle
Q15279749	tax noncompliance
Q1528166	unmanned spacecraft
Q15284	municipality
Q15285626	organization established by the United Nations
Q1529128	postal service
Q15298259	wizard in the Harry Potter universe
Q1530022	religious organization
Q15303351	art material
Q1530824	metropolitan municipality
Q15324	body of water
Q1532771	lucky symbol
Q15334	municipality of Poland
Q15383322	culture award
Q1539532	sports season of a sports club
Q153	spirit
Q15401930	product
Q15407649	edged and bladed weapon
Q15411548	computing infrastructure
Q154136	sexuality
Q15416	television program
Q1543677	Web conferencing
Q1547612	hydrohalide
Q154954	natural person
Q1549591	big city
Q1550225	mining accident
Q1550557	manorialism
Q155076	juridical person
Q155271	research institute
Q1553482	specialized bank
Q15547961	multimedia software
Q15548076	computer-aided design software
Q1555508	radio program
Q15562063	audio software
Q15571255	Indigenous peoples of North America
Q15589476	population transfer
Q1561361	dance school
Q15617994	designation for an administrative territorial entity
Q15619164	abstract being
Q15620020	administrative territorial entity of Uruguay
Q15621274	enclave or exclave
Q15621286	intellectual work
Q15621887	administrative territorial entity of the Kingdom of Saxony
Q15623253	administrative territorial entity of Malaysia
Q15623264	administrative territorial entity of Belgium
Q15623926	Wikimedia set index article
Q15623966	administrative territorial entity of Qatar
Q15627509	military organization
Q15631850	districts and some cities of Germany
Q15632617	fictional human
Q15633587	MediaWiki main-namespace page
Q15634554	state with limited recognition
Q15640053	tram system
Q15640612	fifth-level administrative country subdivision
Q15642541	human-geographic territorial entity
Q15642566	non-political administrative territorial entity
Q15644911	administrative territorial entity of the Roman Empire
Q15661340	ancient city
Q15663836	local administrative unit in Thailand
Q1569167	video game character
Q156	alcohols
Q157031	foundation
Q15706911	fictional object
Q15708736	state authority
Q15709879	artwork series
Q15709880	serial
Q15710804	built structure
Q15711026	altarpiece
Q15711870	animated character
Q15711994	family of isomeric compounds
Q15720625	fictional dog
Q1572070	youth organization
Q15720793	fictional building
Q1572121	image file format
Q15773317	television character
Q15773347	film character
Q157963	savings bank
Q158218	truss bridge
Q15831440	political studies
Q15831596	class of fictional entities
Q15831598	fictional astronomical object
Q15832079	fictional bird
Q15836568	computer network protocol
Q1584134	mound
Q158438	arch bridge
Q15851373	crosslink page
Q1587716	tourism office
Q1589009	private company
Q1589009	private corporation
Q15893266	former entity
Q15900616	event sequence
Q15911314	association
Q15911738	hydroelectric power station
Q15916867	administrative territorial entity of a single country
Q15921555	flight
Q159334	secondary school
Q15944511	association football team
Q15944511	football team
Q1595639	local museum
Q15961987	television genre
Q15966540	local election
Q159719	power station
Q15978299	municipality with town privileges in the Czech Republic
Q15978876	canonization status
Q15979307	principal area
Q1598075	noun class
Q15980953	fiction series
Q159810	economy
Q15989253	part of
Q160091	plain
Q16023747	state park of the United States
Q16023913	professional certification
Q16029504	vertical structural element
Q160402	perception
Q160738	role-playing game
Q160742	abbey
Q160826	Sweden national football team
Q16110	region of Italy
Q161243	dependent territory
Q1614239	compilation
Q161439	jewellery
Q16145172	trio
Q16155280	product certification
Q161598	groundwater
Q1616075	television station
Q1616547	polyglot
Q161726	multinational corporation
Q161837	public service
Q161973	curve
Q1620824	nuclear accident
Q1620908	historical region
Q1621273	particle
Q162244	hero
Q16237489	coniferous forest
Q162633	academy
Q162919	seal
Q1631107	bibliography
Q1632297	protected name
Q1633408	concelho
Q16334295	group of humans
Q16334298	group of living things
Q16335899	watercraft type
Q16338046	fictional river
Q16338	personal computer
Q163687	basilica
Q163740	nonprofit organization
Q163767	reaction inhibitor
Q1637706	city with millions of inhabitants
Q163875	cardinal number
Q16391167	vessel
Q1639378	social system
Q1640628	network service
Q1640824	inscription
Q1641122	online service provider
Q164142	protectorate
Q1642895	lineage
Q1643563	prescription drug
Q164509	omnivore
Q16466010	association football match
Q1646605	member state
Q16467788	EU mission
Q164950	dynasty
Q16496091	public archive
Q16510064	sporting event
Q165115	Equidae
Q16513904	Norse mythical character
Q16519632	scientific organisation
Q16521	taxon
Q165436	assembly
Q16547029	single-sex school
Q16560	palace
Q16562419	political entity
Q1656682	event
Q165	sea
Q1660150	steel construction
Q166118	archive
Q166142	application
Q1664720	institute
Q1665268	command
Q166542	International Relations
Q166620	drainage basin
Q16662561	suspected contagious disease
Q16667694	cubic function
Q166747	parliamentary system
Q16675435	observance
Q166774	protease inhibitor
Q1668023	Internet booking engine
Q1668024	service on internet
Q16686448	artificial entity
Q16693585	depository library
Q16710795	specialized higher education institution
Q16722960	phenomenon
Q16725943	township-level division
Q167270	trademark
Q1673189	irregular military
Q1673271	regime change
Q167346	botanical garden
Q16735822	history museum
Q16738832	criminal case
Q167676	sensor
Q16773055	object aggregation
Q167772	digital container format
Q16829513	intermediate product
Q16831714	government building
Q1685451	student society
Q16873390	supraorganization
Q168845	star cluster
Q16884952	country house
Q16887380	group
Q16889133	class
Q16895642	philosophical school
Q168983	conflagration
Q16911759	trainset
Q16917685	mobile computer
Q16917	hospital
Q169336	mixture
Q16970	church building
Q1697305	narrative motif
Q16979650	sibling group
Q169872	symptom
Q17004698	astronomical interferometer
Q170156	confederation
Q170173	yacht
Q170238	sitcom
Q17028020	vocational university
Q170434	disk operating system
Q170483	sailing ship
Q170658	creativity
Q170744	ketone
Q171043	steam locomotive
Q171184	phylogenetics
Q17125612	lossy data conversion
Q17125668	self-proclaimed
Q171308	oblast
Q171318	kinship
Q1714118	online publication
Q17141406	positioning system
Q1714250	conformance mark
Q17147642	autonomous community
Q17149090	armed organization
Q17154431	mode of toxic action
Q171558	accident
Q17158079	terminal railway station
Q1716124	national road
Q171634	administrative territorial entity of England
Q17172633	written news media
Q17176533	software component
Q171809	county of England
Q17195514	political conference
Q17197366	type of organisation
Q171	wiki
Q17232649	news website
Q1724915	use
Q1726215	process material
Q17270000	football club
Q17299750	snooker tournament
Q17310396	administrative territorial entity of the Russian Empire
Q1731711	Tangente
Q17317604	wrestling event
Q17320256	physical process
Q173235	analgesic
Q17326725	business group
Q17334923	location
Q17335294	flag or coat of arms
Q173387	grave
Q17339814	group or class of chemical substances
Q17343829	unincorporated community
Q17350442	venue
Q17362350	planet of the Solar System
Q17362920	Wikimedia duplicated page
Q17376908	languoid
Q17379835	Wikimedia page outside the main knowledge tree
Q173799	entertainment
Q1738991	index number
Q174165	innovation
Q174174	diesel engine
Q174211	organic compound
Q17442446	Wikimedia internal item
Q1744559	classification in sports
Q1746015	composition for piano
Q1746392	small monument
Q1747793	ratio scale of measurement
Q174873	cantata
Q17489659	group of works
Q174989	file system
Q17512228	galaxy group or cluster
Q17517	phone
Q1751850	optical instrument
Q175185	rural area
Q17518870	group of literary works
Q175208	biotope
Q1752346	assembly
Q17524420	aspect of history
Q175263	data structure
Q1752649	total institution
Q175331	protest
Q17537576	creative work
Q17538258	recreative work
Q1753848	music workstation
Q17538690	group of manifestations
Q17538722	performance work
Q1755242	nilpotent group
Q17560901	precept
Q1756942	partial function
Q17573152	believer
Q1758354	plot
Q1759988	linguistic norm
Q1760309	pitch class
Q1762059	film production company
Q1762471	rhetorical device
Q1763214	municipio
Q1763527	constituent state
Q17645478	bridge by material
Q176799	military unit
Q17737	theory
Q177413	demon
Q177626	human migration
Q177626	migration
Q177634	community
Q177646	subset
Q1777138	race track
Q177749	footpath
Q177777	logistics
Q1778821	cuisine
Q177900	transcription
Q177911	steroid
Q1779653	colossal statue
Q1780371	municipal company
Q1781513	position
Q178185	heat engine
Q178193	steamboat
Q178342	archangel
Q1784017	secondary sex characteristic
Q1785271	cycling team
Q178561	battle
Q178561	combat
Q178593	macromolecule
Q17864440	grant
Q1786828	constituent
Q178706	institution
Q1787111	biographical dictionary
Q178712	state or territory of Australia
Q1787683	Kreishauptmannschaft
Q178790	trade union
Q178844	felony
Q1788716	military decoration
Q178885	deity
Q178885	God
Q178885	goddess
Q1788992	criminal organization
Q1789452	criterion
Q1790144	unit of time
Q1790360	colonial empire
Q1790577	auxiliary language
Q1790577	planned language
Q179057	explosion
Q179076	exchange
Q17912683	aerial bombing
Q1791627	cultural artifact
Q1792379	art genre
Q1792571	art prize
Q1792623	arts educational institution
Q1792644	art style
Q1792644	style
Q179289	causality
Q179461	religious text
Q179630	syndrome
Q179661	treatment
Q179700	statue
Q179723	sacrifice
Q1798622	governorate
Q179875	debate
Q1799072	method
Q17990971	public enterprise
Q1799794	administrative territorial entity of a specific level
Q18009934	in-flight explosion
Q1802122	German state agency
Q1802963	estate
Q1802963	mansion
Q180516	room
Q180634	distributed computing
Q1806767	departamento
Q180684	conflict
Q1811014	phase of life
Q181175	scalar
Q18123741	infectious disease
Q18127	label
Q18127	record label
Q181394	nutrient
Q18142	high-rise building
Q181593	sorting algorithm
Q181699	carbonate
Q182034	hegemony
Q18205885	cause of cancer
Q18208034	indicator
Q1823435	reflector
Q18247357	group of structures or buildings
Q182545	rhetorical device
Q182545	stylistic device
Q1826286	religious movement
Q1826691	line construction
Q182832	concert
Q18285135	administrative territorial entity of the Russian Soviet Federative Socialist Republic
Q18288915	political parties in Germany
Q183039	form of state
Q18324095	administrative territorial entity of Palestine
Q18325436	501(c)(3) organization
Q18325841	public transport network
Q18327510	fictional robot
Q18335	radiation
Q183366	territory
Q183366	zone
Q18336849	item with given name property
Q18343076	corruption scandal
Q18386312	visit
Q183905	descendant
Q18398645	types of towns and cities in Russia
Q184303	gift
Q184348	elliptical galaxy
Q184358	reef
Q184485	performing arts
Q184511	idiom
Q184511	phrase
Q184611	power of 10
Q184644	conservatory
Q184651	toxin
Q184743	periodic function
Q184754	string
Q184757	character set
Q184759	character encoding
Q184767	signed languages
Q184872	recreation
Q184876	frame of reference
Q184932	grammatical mood
Q1849445	colleges and universities in the United States
Q1849719	municipal formation in Russia
Q18500527	airplane with 2 engines
Q1850442	administrative territorial entity of Japan
Q18510489	comic group
Q1851	archangel
Q18534278	facial feature
Q18534542	restaurant chain
Q18536132	coin object
Q185363	chronicle
Q185478	Countable set
Q18557436	disease of anatomical entity
Q18559091	administrative territorial entity of Prussia
Q18562917	high-voltage power line
Q18563354	religious character
Q18563360	Quranic character
Q18573970	group of paintings
Q185785	ammunition
Q18587469	residential community
Q18593264	item of collection or exhibition
Q18603731	dissolution
Q186081	time interval
Q18608583	recurring sporting event
Q186131	terrain
Q18621601	poisoning
Q18624259	private limited liability company
Q186290	association
Q186386	projection
Q186393	counterpoint
Q1864008	legal act
Q18643213	military equipment
Q186509	constant
Q1865743	human behaviour
Q18669875	incident
Q18670161	mascot
Q18670171	fictional vessel
Q1867183	local government area of Australia
Q18674739	event venue
Q18691599	military facility
Q18706315	hypothetical entity
Q187126	glycoprotein
Q18713659	human voice
Q18751767	sand beach
Q1875615	air carrier
Q1875621	aircraft class
Q1875651	airborne observatory
Q187588	social class
Q18760388	retail building
Q187661	carcinogen
Q187931	phrase
Q188063	fiefdom
Q18810687	political institution
Q18812548	campaign
Q188193	organ system
Q188213	state religion
Q188248	constant
Q188285	motet
Q188451	genre
Q188460	natural resource
Q188473	action
Q188593	cepheid variable
Q188860	software library
Q188889	code
Q189004	college
Q189210	web application
Q189439	version control system
Q189447	risk management
Q189524	Fleet
Q189533	academic degree
Q189567	food additive
Q1896989	subject of international law
Q189760	voting
Q189819	ritual
Q189970	social status
Q189	island
Q190016	heparin
Q1900281	perspective
Q1900326	network
Q190056	Hilbert space
Q190065	inorganic compound
Q1900672	marketing tool
Q190087	data type
Q190087	type
Q190122	promissory note
Q190157	transmitter
Q190249	central building
Q190327	magical object in Harry Potter
Q190429	depression
Q190438	dwarf galaxy
Q190463	Lagrangian point
Q190686	procedure
Q1907114	metropolitan area
Q190	God
Q191067	article
Q191360	base
Q1914636	activity
Q1916821	water deity
Q191907	carotenoid
Q191928	polysemy
Q19202067	global empire
Q1920219	social issue
Q192078	lenticular galaxy
Q192276	measure
Q192299	county of Norway
Q192350	ministry
Q192355	ingredient
Q192355	primary raw material
Q1924249	measurand
Q1924634	Metafile
Q192498	administrative territorial entity of France
Q192581	activity
Q192581	job
Q192581	occupation
Q192596	aliphatic compound
Q192611	constituency
Q192623	looting
Q192625	linguistic typology
Q192900	radionuclide
Q192906	revelation
Q192909	scandal
Q19307174	digital distribution platform
Q193086	halide
Q19310814	verse poetry
Q1931185	astronomical radio source
Q1931388	cause of death
Q193181	observation
Q193275	small Solar System body
Q193291	spirit
Q1933595	hijacking
Q193395	data storage
Q1934708	public holidays in the United States
Q1935049	military school
Q193599	supergiant
Q193622	order
Q19364326	media studio facility
Q1936706	water spirit
Q193762	hieroglyph
Q19386377	register
Q1939150	power cable
Q193955	cloth
Q19403027	purpose-designed aircraft
Q1940786	quasi-autonomous non-governmental organisation
Q194112	value
Q194166	consortium
Q194188	spaceport
Q194195	amusement park
Q194203	arrondissement
Q194356	wind farm
Q19470	county
Q19478619	metaclass
Q1949826	powered aircraft
Q1951366	public utility
Q19549	chemical series
Q19576	wilayah
Q19595246	fictional empire
Q196294	free license
Q196600	franchise
Q196600	media franchise
Q1967459	competitive examination
Q19691007	institutional complex
Q1969448	term
Q1970725	natural region
Q1971087	remaster
Q1971849	religious school
Q1972552	hydraulic machinery
Q19730508	former municipality
Q1977474	Al-Ghaib
Q19790488	monohydric alcohol
Q19798644	Wikibase data model element
Q19799234	local government
Q197	airplane
Q19816755	artificial landform
Q19829125	absence
Q1983062	episode
Q19832479	vessel class
Q19832712	historical administrative division
Q19833559	preparation
Q19834818	aromatic compound
Q19842015	web-safe color
Q19842652	monotheistic religion
Q1985622	defense
Q19860854	former building or structure
Q19899465	former church
Q198	conflict
Q198	war
Q1991663	dissent
Q19934355	commutative monoid
Q1993723	administrative territorial entity of the Ottoman Empire
Q19953632	former administrative territorial entity
Q1995480	minor civil division
Q19958368	culture of an area
Q19967801	online service
Q19978874	liturgical costume
Q1999796	incantation
Q1999796	spell
Q199	unit
Q1	space
Q20011319	plant structure
Q2001305	television channel
Q20014246	public law corporation
Q2001676	attack
Q2001676	military offensive
Q2001982	notation
Q200209	cities of Ukraine
Q200227	negative real number
Q200250	metropolis
Q20026787	chemical component
Q20026879	aircraft lift class
Q20027951	aircraft power class
Q200297	thermal power station
Q200325	history of the world
Q200334	bell tower
Q20045456	political position
Q200538	party
Q20056177	development stage of animal
Q2006324	agreement
Q200726	distribution
Q20074337	auto racing team
Q20076756	fantastique genre
Q2008856	command
Q20088819	group of cells
Q20092038	psychotropic drug
Q20113351	polynomial root
Q2015628	open space
Q20162172	human language
Q2018526	arts
Q202199	inland island
Q202265	emission nebula
Q2023214	political parties in Germany
Q202444	given name
Q2026188	panoramic painting
Q202833	social media
Q202866	animated film
Q203066	relation
Q2031007	two-sided market
Q2031291	release
Q2031836	Eastern Orthodox church
Q203323	administrative territorial entity of Ukraine
Q203920	manifold
Q2041172	measurement tool
Q2041172	measuring instrument
Q2043282	business administration
Q204613	regional county municipality
Q2047938	adverse effect
Q204886	federalism
Q205140	infinite set
Q20528428	federative entity of Mexico
Q2052886	parliamentary library
Q205299	paper size
Q20540385	non-fiction book
Q205464	algebraic structure
Q2055880	passenger ship
Q20575671	Q20575671
Q2057971	health problem
Q205892	calendar date
Q205892	date
Q205895	landmass
Q205961	skill
Q205985	goddess
Q206021	flight
Q2061186	religious order
Q2062733	high-trajectory artillery gun
Q2063507	recreation area
Q206361	concern
Q20639847	professional cycling team
Q20639856	Professional Sports Team
Q20639857	amateur sport team
Q2064521	constituency in the United Kingdom
Q20650761	tender locomotive
Q20652655	amateur cycling team
Q2065736	cultural property
Q206592	aircraft with jet engines
Q2066131	athlete
Q20668387	didactic literature
Q206717	star system
Q2069238	tactical formation
Q20708386	Notorious Markets
Q20719696	physico-geographical object
Q2072431	passenger transport
Q20724715	regional center of Germany
Q207320	paramilitary
Q207326	summit
Q207348	semigroup
Q20742825	cultural depiction
Q20747295	protein-coding gene
Q2074737	municipality of Spain
Q207524	islet
Q207621	software license
Q207628	musical composition
Q207694	art museum
Q207714	transcription
Q207822	packaging and labeling
Q207869	epithet
Q207892	public law
Q20791519	folk festival
Q207961	shape
Q207977	prototype
Q208084	aspect
Q208165	collection
Q208237	monoid
Q20826013	software version
Q20826827	lect
Q20830276	group of mythical characters
Q208376	pet
Q208469	SI derived unit
Q208500	principality
Q20852192	season
Q2085381	publisher
Q2085518	format
Q208569	studio album
Q20857065	United States federal agency
Q20857129	university system
Q20871196	fictional vehicle
Q2088357	ensemble
Q2088357	musical ensemble
Q2089936	consulting company
Q20901727	alkynols
Q20902363	mythical human-animal hybrid
Q209075	multiplayer game
Q209190	low pressure area
Q20919931	software component
Q2093358	language regulator
Q20936777	series of specified number of works
Q20937557	series
Q209572	military service
Q2095	food
Q20971972	Public Ivy
Q20978643	point of view
Q2097994	municipal corporation
Q20983805	Q20983805
Q2100278	panel
Q21009825	fictional pig
Q21009831	fictional monkey
Q21014462	cell line
Q2101494	municipality in Switzerland
Q210272	cultural heritage
Q21028957	Hochschule
Q21029893	religious object
Q210337	media player
Q21040055	aspect
Q210420	corticosteroid
Q21044027	information services
Q21070568	human who may be fictional
Q21070598	narrative entity
Q21073024	flammable solid
Q21073029	disaster remains
Q21083858	finitely generated group
Q21092339	mathematical symbol
Q210932	airliner
Q210980	virtual community
Q211302	glacial lake
Q211364	principle
Q21142755	recognition
Q21146257	type
Q2115448	intra-city territory of a federal city
Q21156425	wrestling event
Q21162272	means
Q21167512	chemical hazard
Q21175615	school massacre
Q21190845	fictional duo
Q21191019	Japanese TV series
Q21191134	comic strip series
Q21191270	television series episode
Q2119531	electrical connector
Q21199	natural number
Q2120578	zero-emissions vehicle
Q212805	digital library
Q21281405	Wikidata internal entity
Q213016	thermodynamic process
Q213283	diplomatic mission
Q2133344	space mission
Q2133608	coordinate space
Q213441	shop
Q2135465	legal concept
Q2138556	regional newspaper
Q213918	administrative territorial entity of Bolivia
Q213924	codex
Q214070	physical law
Q214214	codification
Q214339	role
Q2143825	hiking trail
Q2144359	environmental issue
Q214514	chirality
Q2145290	mental representation
Q214609	base material
Q214609	substance
Q21480300	mass shooting
Q214995	telephone number
Q21502404	format
Q21506450	military unit size class
Q21507948	former village
Q21514702	abandoned project
Q2151613	direction
Q2151613	orientation
Q21518270	state capital
Q21522864	class or metaclass of Wikidata ontology
Q215380	group
Q215380	musical group
Q21550355	agricultural complexes
Q21550582	entertainment event
Q21550989	signal tower
Q215627	natural person
Q215627	person
Q21589788	Kuiper belt object
Q2159907	criminal
Q216200	rule
Q216353	title
Q217199	soundtrack
Q217327	suicide attack
Q21743174	mobile software
Q2174956	non-working day
Q21752084	Roman archaeological site
Q217594	class (set theory)
Q2180497	economic model
Q2182919	alphabetic writing system
Q2183520	obec
Q21850178	Roman Catholic shrine
Q21855073	representative
Q21855572	additive object
Q21857994	giant planet
Q21871294	living organism class
Q2188189	musical work
Q21945604	national youth football team
Q21973549	chemical warfare agents
Q2198855	cultural movement
Q21994376	war of independence
Q2199864	duration
Q2199	dwarf planet
Q2200141	organofluorine
Q2202509	Roman city
Q220499	streaming media
Q22065637	administrative subdivision of Puerto Rico
Q220659	archaeological artifact
Q2207288	craft
Q22075301	textile artwork
Q221329	avionics
Q2217301	serial
Q2221906	geographic location
Q2221906	location
Q2221906	setting
Q222249	civil law
Q22231110	UCI 1.1
Q22231111	UCI 1.2
Q2223653	terrorist attack
Q22312568	sulfur molecular entity
Q22326185	intracellular non-membrane-bounded organelle
Q223335	structured programming
Q223393	literary genre
Q2235308	ship type
Q223557	object
Q223557	physical object
Q223642	interpersonal relationship
Q2239243	mythical creature
Q2245405	key event
Q2248485	fictional mutant
Q2249149	electronic game
Q2252077	shooting
Q225446	institute of consecrated life
Q22575704	administrative quarter
Q2259909	dry bulk cargo
Q226183	null set
Q22645	smartphone
Q22652	green space
Q22652	open space
Q22667	railway
Q226730	silent film
Q22674925	former populated place
Q22676004	aircraft function-power class
Q22676022	aircraft lift-power class
Q22676035	aircraft function-lift class
Q22676603	federal system
Q2267856	personal testimonial
Q22687	bank
Q22698	park
Q22704077	biblical episode
Q22713629	girls school
Q22721	Regierungsbezirk
Q227936	tribe
Q22808403	station located underground
Q22808404	station located on surface
Q22811462	type of manufactured good
Q2281940	chemical process
Q228502	access control
Q2285130	signal language
Q22865	independent city of Germany
Q22927291	sixth-level administrative country subdivision
Q2296401	telephone call
Q2297602	integer sequence
Q2297769	software agent
Q2298569	road map
Q22988604	mythological Greek character
Q22989102	Greek deity
Q23002037	public educational institution
Q23002042	private educational institution
Q23005223	division of an educational institution
Q23005231	performing arts school
Q23005232	dance school
Q23010327	group of fictitious objects
Q23013246	copy
Q23015465	income class
Q23015928	postgraduate degree
Q23037160	proto-state
Q23058816	TED talk
Q23069713	pass
Q230788	grant
Q230855	physical state
Q230875	thermodynamic state
Q230937	state variable
Q2310214	pitch
Q23118	acid
Q2311958	canton
Q2312129	delicacy
Q2312410	sports discipline
Q231312	inland sea
Q2315359	historical language
Q2319498	point of interest
Q2324993	state power
Q2325323	state symbol
Q2327385	overseas territory
Q232932	open access
Q2332332	minor-planet group
Q233324	seminary
Q23337	salt lake
Q2334719	court decision
Q2334719	legal case
Q2335227	list of Oz characters
Q23392	ice
Q23397	lake
Q23413	castle
Q2342494	collectible
Q23442	island
Q234460	text
Q23498	archaeology
Q235113	angel
Q2352616	catalogue
Q235557	file format
Q23622	dictionary
Q23649976	content rating category
Q2365748	administrative territorial entity of India
Q2366155	ionic compound
Q2366457	department
Q2369882	funny animal
Q2370698	Russian fairy tales
Q23712	Bien de Interés Cultural
Q23726798	national cycling team
Q23729754	scientific name, published under a Code of nomenclature
Q23764314	sports location
Q23790	natural monument
Q2380335	airstrike
Q23804016	game rules
Q238053	collision
Q23807345	competition
Q23808	interface
Q23835453	constant-recursive sequence
Q23847174	religious concept
Q2384959	Americans
Q2385804	educational institution
Q23901123	national under-17 association football team
Q23905052	infantry unit
Q23905069	military unit type class
Q23905105	women's national association football team
Q2391834	development environment
Q2393196	personality trait
Q2393196	trait
Q23958946	individual
Q23959932	fixed-order metaclass
Q2398990	technology museum
Q240141	regulation of the European Union
Q2401485	expedition
Q24017414	first-order metaclass
Q2401749	telecommunication company
Q24027526	fixed-order metaclass
Q24034552	mathematical concept
Q24055548	Q24055548
Q24060707	plant organ
Q24060765	animal organ
Q240651	prime element
Q241317	computing platform
Q2416047	list of communities in Alberta
Q2416723	theme park
Q2418495	independent school
Q2421276	glacial landform
Q2421902	handedness
Q24229398	agent
Q2424752	product
Q24249534	specialised classification scheme
Q24286894	fictional humanoid species
Q2429253	Islamic state
Q24296329	mythological horse
Q2431196	audiovisual work
Q24334299	mythical animal
Q24334685	mythical entity
Q24334893	mythical place
Q24335044	Norse mythical entity
Q24336466	mythical event
Q24339660	Norse religious concept
Q2434238	heritage
Q24354647	editing board
Q24354	theatre
Q243669	administrative territorial entity of Slovakia
Q2438179	civil aircraft
Q24398318	religious building
Q2442401	record company
Q244339	administrative territorial entity of Georgia
Q24434794	king in Greek mythology
Q244393	dwarf star
Q24457356	historiographical concept
Q245016	military base
Q245065	intergovernmental organization
Q245117	relief sculpture
Q245596	cycle
Q24574728	form factor
Q2457980	clothing in ancient Rome
Q24596	God Is Not Great
Q24649023	online store
Q2465506	separation of concerns
Q2465832	branch of science
Q246672	mathematical object
Q24668268	fictional mouse or rat
Q2466889	hydraulic structure
Q247073	powiat of Poland
Q2472587	people
Q2475641	megaproject
Q24788543	Ribosome-inactivating protein
Q2485448	sports federation
Q2485448	sports governing body
Q24856	film series
Q24862	short film
Q24869	feature film
Q2488	spiral galaxy
Q2491498	pop group
Q24925	science fiction
Q249389	deep-sky object
Q2493	data compression
Q2493	source coding
Q249556	railway company
Q24962887	violation of law
Q24992028	musical series
Q25036597	as a service
Q2507626	water area
Q25110971	distributed ledger
Q2514663	worship
Q2515887	pattern of behaviour
Q2516121	transport building or structure
Q2516357	transport museum
Q252550	trade agreement
Q2525994	villa urbana
Q25268	Afro-Asiatic languages
Q25276	isotope
Q25295	language group
Q25296884	transborder entity
Q25297020	transborder structure
Q253326	cadastral municipality
Q25372	drama
Q25379	play
Q2537	natural satellite
Q25385534	hydrogen chalcogenide
Q25403900	food ingredient
Q2540467	Elections in Spain
Q2540524	religious violence
Q25412770	urban entity in Chile
Q2547976	Atlantic hurricane
Q2550974	Wasserfrau
Q25510	Accipitridae
Q2551525	water reservoir
Q25535646	hero
Q255388	unit fraction
Q2554364	nobility of Spain
Q25550691	civic building
Q25550691	seat of local government
Q2560056	advertising medium
Q25631158	highway system
Q25653	ferry
Q25696292	astronomy classification
Q2574811	cause
Q2574811	entry
Q2577883	occupied territory
Q2585724	educational assessment
Q2593744	fictional creature
Q2596997	condiment
Q25999041	regional wind
Q2618461	legislative election
Q2620513	maritime disaster
Q262166	municipality of Germany
Q2622299	software engine
Q2623243	conceptual model
Q26260402	Republic of China general election
Q2627975	ceremony
Q2628882	legal status
Q263478	note
Q2635077	sources of international law
Q2638480	church congregation
Q2642350	Jewish literature
Q26430975	Microsoft Windows component
Q264441	Bezirk
Q2647467	non-alcoholic beverage
Q265158	review
Q26529	space probe
Q26540	artificial satellite
Q26540	satellite
Q2656967	nuclear explosion
Q2659904	government organization
Q2667285	ancient university
Q2668072	collection
Q26697606	cyclooxygenase inhibitor
Q2671652	medical test
Q26721034	bike shop
Q267228	sound generator
Q267596	ancient Greek temple
Q2676325	source coding
Q2678338	railway network
Q2679154	administrative territorial entity of Ivory Coast
Q2682286	sporadic group
Q26832826	constituency of France
Q26834928	Production of food industry by OKP
Q26836193	WTA tennis tournament
Q2684591	statement
Q26861438	sled dog race
Q26869183	Q26869183
Q26879763	Napoleonic client state
Q26884324	outline
Q26904132	visual arts technique
Q26907166	temporal entity
Q2692116	quake
Q2692606	cyclic process
Q269415	digital distribution
Q2695008	administrative territorial entity of Luxembourg
Q2695280	method
Q2695280	technique
Q269528	unincorporated area
Q269528	unincorporated community
Q2699662	history of historiography
Q2700049	saturated compound
Q2700595	dyad
Q27020041	season
Q27020041	sports season
Q27030921	political archive
Q27031009	public archive
Q27038993	food establishment
Q27043948	material anatomical entity
Q270496	administrative territorial entity of Pakistan
Q27055630	Q27055630
Q270791	state-owned enterprise
Q2708515	catchphrase
Q2709468	laboratory procedure
Q27096213	geographic entity
Q27096235	artificial geographic entity
Q27104461	fictional insect
Q27104473	fictional skunk
Q27116296	local public entity
Q2712963	abstract noun
Q2716249	contact binary
Q27166344	substance
Q271669	landform
Q271680	software framework
Q271977	partial differential equation
Q2721559	topological manifold
Q2722260	attribute
Q2722705	epicarp
Q272404	finite set
Q2725376	demographics
Q2726038	administrative territorial entity of Iran
Q27267085	fictional lion
Q2727213	theft
Q27277631	fictional mammal
Q272851	Roman naming conventions
Q27301300	fictional carnivoran
Q27301420	fictional artiodactyla
Q27301864	fictional bovid
Q27303980	fictional equine
Q27304428	fictional Canis
Q27304565	fictional Pantherinae
Q27304634	fictional Caniformia
Q273057	discography
Q273120	protest
Q2736507	water feature
Q2738074	political movement
Q2738486	krai
Q273976	blockade
Q2742167	religious community
Q27491742	South-West Indian Ocean tropical cyclone
Q2752458	administrative type
Q27529879	non-Copyfree software license
Q275372	externality
Q2755101	General anaesthetic
Q27554677	former capital
Q275596	imperative programming
Q2761147	meeting
Q2762194	local government in Israel
Q276453	monster
Q2767140	central government
Q2775969	fictional planet
Q277759	book series
Q27801	non-fiction literature
Q27825487	animate object
Q2784655	low-level clouds
Q2785361	monoid object
Q27863646	mythical people
Q27895381	maritime infrastructure
Q279118	wooden house
Q27912070	television program for children
Q27921916	anthropomorphic character
Q27949687	Wikidata-specific criterion
Q27968055	recurrent event edition
Q27971968	constituency in the United Kingdom
Q279749	form
Q28020127	fictional humanoid
Q28061975	group of Greek mythical characters
Q280783	popular assembly
Q28083137	football team
Q28108	political system
Q28111	township in the United States
Q28114058	game franchise
Q28140340	women's association football team
Q281643	trio
Q282250	qualia
Q2824639	French central public administration
Q2824644	administrative territorial entity of Colombia
Q2824645	administrative territorial entity of Italy
Q2826767	disease causative agent
Q28314507	recurring
Q283202	harbor
Q2836357	administrative territorial entity of Guatemala
Q28367692	cavity
Q2836947	animal feed
Q28473204	small monument
Q28498244	conversion
Q285181	eparchy
Q28550993	reclaimed land
Q28555911	ordinary matter
Q28575	county
Q2858615	electronic machine
Q28598684	branch of biology
Q28607529	obsolete unit of measurement
Q28640	profession
Q28643	paradigm
Q2865305	trading company
Q28653690	depository library
Q286583	manifestation
Q2872764	French independent administrative authority
Q28732711	physical substance
Q28737012	museum of culture
Q2875704	fixed-wing aircraft
Q28790362	ethnic community
Q28797	applied science
Q2879	province or territory of Canada
Q28803	sandwich
Q28807042	game variant
Q28807560	clinical finding
Q28813620	collection
Q28823	textile
Q28843519	General anatomical term
Q28845870	biological component
Q28855038	supernatural being
Q28870066	ensemble of works of art
Q28872880	magic spell in Harry Potter
Q28877	goods
Q28886448	work with multiple executions
Q28920044	positive integer
Q28920052	non-negative integer
Q28923954	languoid class
Q289472	organism substance
Q28954762	non-science
Q28955245	assertion method
Q29006203	character from The Legend of Zelda
Q29017578	predator
Q2901852	compound of carbon
Q29023906	temporary exhibition
Q29025902	volcanic landform
Q2904042	bioconstruction
Q29045252	city of South Korea
Q29048319	vehicle model series
Q29048322	vehicle model
Q29052255	flight phase
Q290618	σ-compact space
Q290691	villain
Q2908004	powder
Q290	sex
Q2910675	unfinished creative work
Q2912397	single-day road race
Q29142	attempt
Q2916333	flag day
Q2916486	administrative territorial entity of Turkey
Q2927074	meme
Q2936105	summit level canal
Q294163	public institution
Q29428403	pentad
Q29428439	hexad
Q29430681	triad
Q29431432	dyad
Q294414	public office
Q29441572	heptad
Q294422	public building
Q294440	public space
Q2944660	lexical item
Q2945123	center of mass
Q29485	error
Q29493	batter
Q29553	sanctuary
Q29586009	artistic creation
Q29604895	superhuman quality
Q2962925	fictional horse
Q2964234	food crisis
Q29645886	ambassador to a country
Q2973938	electoral district of Canada
Q2973941	French legislative constituency
Q2974105	digital circuit
Q2974842	lost city
Q2977	cathedral
Q2979	liberty
Q2981616	Variable-length code
Q2982955	public collection
Q2983893	city district
Q2983893	quarter
Q2983893	urban district
Q29881373	musical ensemble consisting solely of singers
Q29933838	disposition
Q2995644	result
Q2996394	biological process
Q2998465	exarchate
Q3001412	horse race
Q30017383	fictional organism
Q30017	high tide
Q3002774	health crisis
Q30059018	operating system component
Q30059	arrondissement
Q30061294	supernatural being in a work of fiction
Q30061312	fictional liminal being
Q30061600	undead in a work of fiction
Q300920	esports
Q30092755	surface water body
Q30124446	legislative building
Q30126005	hypothetical scientific object
Q30139652	health care structure
Q30147469	fictional hybrid
Q30167980	basilisk in a work of fiction
Q30168244	human hybrids in a work of fiction
Q30174902	fictional shapeshifter
Q3022118	inverse semigroup
Q30224316	natural history collection
Q3024240	historical country
Q30249972	object of the inner Solar System
Q30250610	object in the outer solar system
Q3025161	series
Q3026787	saying
Q30277550	historiography
Q3030248	discussion
Q30304302	National Park System unit
Q30307315	mythological canine
Q30307328	mythological dog
Q30324006	history of the city
Q30327093	horizontal structural element
Q30336093	biological system
Q3041498	eye disease
Q3042547	administrative territorial entity of Argentina
Q3046146	couple
Q30503704	graph algorithm
Q3054889	measurable set
Q3055380	intestinal disease
Q3055454	deployment environment
Q3059255	Greek sea god
Q30612	human subject research
Q3063847	emotional and behavioral disorders
Q3065932	cognitive disorder
Q3074541	flow of matter and energy
Q3074936	Local government in the Republic of Ireland
Q30766521	biological macromolecule
Q3079197	temperate forest
Q30921616	spin-off
Q30921757	character encoding scheme
Q309314	quantity
Q3099911	scientific instrument
Q309	history
Q3114762	naval unit
Q3114762	warship
Q31172650	moral quality
Q3117616	characteristically simple group
Q3117863	isolated human group
Q31184	sibling
Q31207	health care
Q31235	remake
Q312466	utility software
Q3132741	substellar object
Q3144351	scientific hypothesis
Q31479975	communication system
Q3149875	aviation incident
Q3150005	legal instrument
Q3152824	cultural institution
Q315	language
Q315	speech
Q31629	type of sport
Q316	affection
Q317623	specification
Q317623	technical standard
Q3176558	positive real number
Q3183152	Southern Bantoid languages
Q3183364	administrative territorial entity of Spain
Q31855	research institute
Q318	galaxy
Q3193890	environmental disaster
Q31966	mark
Q3196	fire
Q3199915	massacre
Q3199915	mass murder
Q3215290	artificial lake
Q3215290	water reservoir
Q321703	premise
Q32178211	music organization
Q321839	accord
Q3220391	social networking service
Q322563	vocational school
Q322948	subscription
Q323081	polyglot
Q3238833	independent school
Q3240715	crater
Q3241045	disease outbreak
Q3241107	delimitation
Q3241972	character
Q3243461	collector
Q3244175	tabletop game
Q3246353	diet soda
Q3247505	artificial language
Q3249551	process
Q32528	monoterpene
Q3254959	race
Q325668	geographical indication
Q3257686	locality
Q3257916	animation software
Q326277	cation
Q32635	domain name
Q3266850	commune
Q3269344	oxyanion
Q327000	court decision
Q3270893	virtual business
Q327197	legal transaction
Q327245	team
Q327333	government agency
Q3277092	treasury
Q32815	mosque
Q328468	Nazi concentration camp
Q32859534	fictional activity
Q3300024	natural building material
Q3300034	painting material
Q33027691	fictional analog of a type of organism
Q3303251	vortex
Q3304561	marine ecosystem
Q3305213	painting
Q3306242	Pacific hurricane
Q3307505	sociality
Q3308934	U.S. state court
Q33104623	physics equation
Q3312801	permit
Q3319996	flight test
Q3320743	title of honor
Q33215	artificial language
Q33215	constructed language
Q33215	planned language
Q3327870	municipal corporation in the United States
Q3327873	local municipality of Quebec
Q3327899	municipality of Ontario
Q3329375	language variety
Q33294038	class of mythical entities
Q33295419	Hogwarts student
Q3330995	administrative territorial entity of Nigeria
Q333109	Überrest
Q3331189	manifestation
Q3331189	version, edition, or translation
Q3337309	mine warfare vessel
Q3337312	service vessel
Q33384	dialect
Q33392098	online resource
Q333936	nitrile
Q33399405	fictional toy
Q33435002	dwelling place
Q334401	observation
Q3346693	Greek nymph
Q3348164	Catholic liturgical object
Q33506	museum
Q33513999	mythological island
Q335214	endangered language
Q3352369	footpath
Q3355750	monastic order
Q335918	popular initiative
Q336170	Q336170
Q3366856	composite particle
Q33685	limited company
Q336	science
Q337060	perceptible object
Q337567	still waters
Q3375719	conceptual character
Q3375722	theatrical character
Q337820	graphics library
Q337968	idiom
Q33829	population
Q3386703	extensive quantity
Q3389680	census place
Q3391202	Q3391202
Q33946706	geographical marker
Q339678	distributed data store
Q3397572	metal bridge
Q340169	communication medium
Q34038	waterfall
Q3412198	consortium of universities in France
Q3413439	four-masted ship
Q341409	onium ion
Q34150630	facial feature
Q341	free software
Q34315358	demon in a work of fiction
Q3434769	macroregion
Q3435924	computational problem
Q3435941	administrative territorial entity of Croatia
Q34394	belief
Q34442	road
Q34442	street
Q34486	helicopter
Q344942	acyclic compound
Q3450	main sequence
Q34548322	national association football competition
Q34548345	international association football clubs competition
Q34548368	international association football competition
Q3455524	administrative region
Q346146	facility
Q34651	Christian Church
Q34669510	malleable material
Q34687	Rosa
Q3475123	navigation system
Q34763	peninsula
Q3476533	monumental sculpture
Q34770	language
Q3477348	urban sector
Q34812	New Year
Q34876	Landscape
Q3487904	okres
Q3488975	eutrophic lake
Q3489682	polar solvent
Q349084	district of England
Q3491904	urban rail transit
Q3497167	gravity dam
Q349	sport
Q3500606	musical structure
Q350176	additive
Q3502482	cultural area
Q3504248	inner planet
Q3505845	state
Q350604	armed conflict
Q350783	rail guided transport
Q3507889	administrative territorial entity of the Czech Republic
Q350945	heraldic animal
Q3511065	biological sequence
Q35116038	shoreline indentation
Q35120	something
Q35127	website
Q35137719	biogenic peptide
Q35145263	natural geographic object
Q35145743	human-made landform
Q35221	reflecting telescope
Q3523867	material property
Q35273	optical telescope
Q3529455	lymphatic tissue
Q3529618	academic title
Q3533467	group action
Q353834	pulsating variable star
Q3539169	economic problem
Q3539920	three-masted ship
Q3542731	fictional animal character
Q35456	essential medicine
Q35459920	three-dimensional object
Q3550897	lithostratigraphic unit
Q35509	cave
Q355304	watercourse
Q35535	police
Q3554819	Banach manifold
Q355518	carboxylate ester
Q355567	noble title
Q3559	comet
Q3563237	economic unit
Q3565782	navigational aid
Q3565868	rail transport
Q356936	exclusion zone
Q35749	parliament
Q3575260	bijou
Q3578576	river ecosystem
Q35798	executive branch
Q3588250	ethnic riot
Q358	heritage site
Q3590573	game of chance
Q3591564	établissement public de coopération intercommunale
Q3591586	public scientific, cultural or professional establishment
Q359674	alternative school
Q3604202	user account
Q3609	road bicycle racing
Q36161	set
Q361733	administrative territorial entity of Austria
Q36192	folklore
Q3622126	conceptual system
Q3624078	sovereign state
Q36247334	multimedia software
Q362482	operation
Q36279	biography
Q3629395	agricultural tool
Q36442	political studies
Q36458	multicellular organism
Q36496	ion
Q36524	authority control
Q36534	chemical reaction
Q3658341	literary character
Q36602	order
Q367293	custom
Q36784	region of France
Q368442	compact star
Q3685430	municipality of Armenia
Q3689421	destination marketing organisation
Q3695082	indicator
Q3695082	sign
Q36993249	arrangement
Q3702971	personal data
Q37038	advertising
Q370502	mapping
Q370607	high-voltage direct current power line
Q3706669	psychoactive drug
Q3707571	giant
Q3707858	type
Q37113960	estimate
Q3714476	dot matrix
Q37144	round
Q37147	atomic nucleus
Q37216030	statistical models
Q37228	Volta–Congo languages
Q372436	statesperson
Q372524	benzoate
Q37260	writing
Q3726309	public research institution
Q3733190	nuclear explosive
Q3737844	binary function
Q373916	nymph
Q37484	epic poem
Q375011	religious festival
Q3750285	administrative territorial entity of Canada
Q37517	class
Q375336	film production company
Q375336	film studio
Q3754509	Q3754509
Q3757113	command hierarchy
Q375928	lower house
Q37640	orbital period
Q376799	transport infrastructure
Q3769299	human behaviour
Q3775643	comburent
Q37756	alloy
Q3778211	legal person
Q37787110	file system object
Q378427	literary award
Q37866906	information resource
Q3788231	Municipal government in Canada
Q37901	strait
Q3796448	legal wrong
Q379755	arrangement
Q379825	element
Q380230	administrative territorial entity of Portugal
Q38033430	class of award
Q38035	consonant
Q38072107	fiction literature
Q381072	crisis
Q38121583	scholarly publication
Q3824506	commercial treaty
Q38259376	4-dimensional figure
Q382698	affine space
Q383092	art school
Q3831847	liturgical book
Q38348	phylum
Q3839081	disaster
Q38453	cola
Q385378	construction
Q38592	deva
Q385994	special library
Q3863	asteroid
Q386426	natural heritage
Q386724	work
Q38723	higher education institution
Q3877969	deficiency
Q387914	organohalogen compound
Q387917	administrative territorial entity of Germany
Q38829	breed
Q3884033	operation
Q38926	news
Q3895768	fictional location
Q3896653	partido
Q39015397	signal tower
Q390248	myth of origins
Q390516	control room
Q390689	basic law
Q391009	Catholic religious order
Q391414	architectural element
Q3914	school
Q3918	university
Q39201	pet
Q3922333	proceedings
Q393351	aggregator
Q3943414	free software license
Q3947	house
Q39485777	commutative Moufang loop
Q3950	villa
Q39546	tool
Q39558	gas
Q3957	town
Q3958441	economic sector
Q39594	bay
Q39614	cemetery
Q39659371	retail environment
Q3966	device
Q39715	lighthouse
Q39725049	type of publication
Q3976645	administrative territorial entity of Angola
Q3976655	administrative territorial entity of Denmark
Q39811647	translation
Q39816	valley
Q39833	microorganism
Q39835986	sports website
Q39875001	measure
Q39911	decade
Q399445	amt
Q399495	standard language
Q400144	planemo
Q4005689	chronostratigraphic unit
Q40056	computer program
Q4005761	geochronological unit
Q4005763	air force unit
Q4005772	major military unit
Q4006	geographic map
Q40218	spacecraft
Q4022	river
Q40231	election
Q4026292	action
Q4027615	information science
Q40357	prison
Q4042967	sexuality
Q4049983	cardinality
Q4066270	Anilide
Q406957	first-level NUTS of the European Union
Q4070702	literary archetype
Q407768	chlorobenzene
Q40831	comedy
Q408365	isocyanate
Q408386	inference
Q4087	nitrogen hydride
Q408891	scientific law
Q40890790	absorbed or reflected object light
Q409205	xenobiotic
Q4115189	test
Q41156	administrative territorial entity of South Korea
Q4116218	conversion of scripts
Q4117139	biological database
Q41176	building
Q4117949	submarine power cable
Q4120211	regional organization
Q4120621	rank
Q41207	coin
Q4122235	private law
Q41298	magazine
Q41298	serial
Q4140840	Lost artwork
Q41487	court
Q415812	polyol
Q41595400	intellectual competition
Q41614	constitutional monarchy
Q4162386	operating system distribution
Q4164344	documentary
Q4164871	position
Q4167410	Wikimedia disambiguation page
Q4167836	category
Q4167836	Wikimedia category
Q41710	ethnic group
Q417175	kingdom
Q41719	hypothesis
Q417262	endopeptidases
Q41791733	statistical territorial entity of Portugal
Q41796	sentence
Q41803	G
Q41883552	combinatorial algorithm
Q4189293	rank
Q42012695	measurand
Q4202290	railway incident
Q4202	neutron star
Q4204060	Islamic state
Q4204491	administrative territorial entity of the Soviet Union
Q42104541	Q42104541
Q4213	telescope
Q4218455	qualification (degree)
Q421916	diol
Q421948	organic acid
Q4220917	film award
Q42240	research
Q42254001	hazardous chemical exposure
Q42262353	Y-DNA haplogroup
Q422649	biopolymer
Q422695	awareness day
Q42282364	pathogen spread
Q42303986	Interconnector
Q423118	organic acid anhydride
Q423208	independent school
Q42336871	crowdfunding platform
Q4235019	space object
Q42372	nebula
Q42417296	infection associated with diseases
Q424689	gene product
Q42470	motto
Q42470	slogan
Q425597	hydroxides
Q42586063	encoder
Q425967	immersion
Q4260475	medical facility
Q42622779	timepiece
Q426549	quinolone
Q4271324	mythical character
Q42744322	urban municipality of Germany
Q427492	enzyme inhibitor
Q427626	taxonomic rank
Q42844	depression
Q42855995	manufacturing company
Q42857	prophet
Q4286337	city district
Q4287668	viral phenomenon
Q42889	vehicle
Q42915594	Scottish burgh
Q42948	wall
Q4298922	mixed-use development
Q42998	orchestra
Q43099500	performing arts production
Q43109	referendum
Q431289	brand
Q431603	advocacy group
Q4318321	supernatural beings in Slavic folklore
Q43229	organization
Q43263	federal subject of Russia
Q4330518	research object
Q43404	discovery
Q43460564	chemical entity
Q4358176	council
Q43648	hydrocarbon
Q4365210	flat figure
Q43702	federal state
Q4372150	bounty
Q4373292	physical property
Q4384751	folk culture
Q4392123	Fσ set
Q4392985	religious identity
Q4393498	representation
Q4406616	concrete object
Q44167	engine
Q4430243	social organization
Q4431094	special collections
Q44342	folk tale
Q44377	tunnel
Q4438121	sports organization
Q443814	realm of the dead
Q44405	theocracy
Q44476427	medical attribute
Q44512	epidemic
Q44539	temple
Q44554	law enforcement
Q44559	extrasolar planet
Q44597158	health specialty
Q44613	monastery
Q44637051	international competition
Q4470686	Q4470686
Q44782	port
Q44791900	chloride
Q4494320	administrative territorial entity of Australia
Q44946	point
Q44	beer
Q4502142	visual artwork
Q45033382	finite simple group
Q4504495	award ceremony
Q4505975	digital comic
Q45066557	monospecific antibody
Q45103187	scientific organisation
Q4516355	number sequence
Q451967	intentional human action
Q4536544	language law
Q4539	cooperative
Q45621	ceramic
Q4563817	segmental writing system
Q45722	cardinal
Q45762	dead language
Q45971958	performing arts genre
Q4610556	model
Q461231	administrative territorial entity of Scotland
Q46135307	nation at sport competition
Q461499	transformation
Q46169	national park
Q462667	administrative territorial entity of Moscow
Q4632675	dwelling place
Q46337	declaration
Q46337	manifesto
Q464643	stabbing
Q464980	exhibition
Q465299	archaeological culture
Q46587	active galactic nucleus
Q466470	demigod
Q466704	surface-to-air missile
Q4671277	academic institution
Q46737	asset
Q467970	permanent establishment
Q4681865	cipher
Q46831	mountain range
Q46831	range
Q4683534	administrative territorial entity of Michigan
Q46857	scientific method
Q468756	shore
Q4692	Renaissance
Q46970	airline
Q46996054	real vector space
Q470540	seat
Q47089371	rugby union match
Q47091889	hemisphere
Q47146	user interface
Q47168	county of the United States
Q47217	civil disobedience
Q47223	anniversary
Q47272186	headquarters
Q47279819	type of mathematical function
Q4728370	all-seater stadium
Q473033	Old wives' tale
Q47311934	Fleet
Q47334435	engineer unit
Q473708	home computer
Q473932	roll-on/roll-off ship
Q473972	protected area
Q47407603	artistic creation
Q47455774	unpleasantness
Q47457841	homocyclic compound
Q47457972	saturated silicon hydride
Q47461344	written work
Q475023	exact science
Q475050	federal district
Q47521	stream
Q47521	waterway
Q47537235	fictional interstellar state
Q47574	unit of measurement
Q47577	Fibonacci number
Q47597	architectural plan
Q476028	association football club
Q476028	football club
Q476300	competition
Q47657	blood type
Q47682	administrative territorial entity of New York (state)
Q4771249	antenna array
Q47848	sacred architecture
Q478798	image
Q47913	intelligence agency
Q4796467	arsenic compounds
Q4801521	arts festival
Q481289	official residence
Q4817637	atrocity crime
Q4818021	attack submarine
Q48204	voluntary association
Q48277	gender
Q482810	special city
Q482994	album
Q482	poetry
Q4830453	business
Q483110	stadium
Q483242	laboratory
Q483247	phenomenon
Q48324	morality
Q483394	genre
Q48349	empire
Q483654	Sunni Islam
Q483677	pseudoscience
Q484170	commune
Q484652	international organization
Q484692	hymn
Q485027	body armor
Q48522	word-sense disambiguation
Q485258	federative unit of Brazil
Q48612	synthetic language
Q486902	mathematical model
Q486972	community
Q486972	human settlement
Q486972	settlement
Q486983	academic title
Q48748864	Q48748864
Q48834899	special administrative region
Q488383	object
Q4886	cultivar
Q48909258	third-order administrative division
Q48946567	multicellular structure
Q4897819	role
Q489983	Reserve Officers' Training Corps
Q49008	prime number
Q49084	tale
Q4913883	binary compound of hydrogen
Q4914809	bioevent
Q4929239	data collection
Q49297	Indigenous peoples of the United States
Q4932206	legal science
Q493522	municipality of Belgium
Q4936585	body of the European Union
Q4936952	anatomical structure
Q49371	legislation
Q49394	weapon of mass destruction
Q49447	world view
Q4946305	borough in the United States
Q494721	city of Japan
Q494823	data format
Q4959031	appellate court
Q49614	nickname
Q49703	sacrament
Q497173	oxoacid
Q4976993	civil parish
Q49773	social movement
Q49848	document
Q49848	record
Q4989906	monument
Q4990531	anesthetic
Q5003624	memorial
Q50053	binary star
Q500548	glue
Q50081413	Wikipedia article page
Q500834	tournament
Q50085590	Federal law
Q5009242	cable channel
Q50202	administrative territorial entity of Vietnam
Q502261	silence
Q50231	administrative territorial entity of the People's Republic of China
Q50302916	language level
Q50320434	COMMAND.COM command
Q50321606	confections
Q50349184	immunologic factor
Q50365914	biological region
Q50377176	anti-infective agent
Q50377192	hypnotics and sedatives
Q50377228	chemical actions and uses
Q50379782	physiological effect of drugs
Q50379880	noxae
Q50380212	floating object
Q50413986	specialty use of chemicals
Q50423863	copyrighted
Q50429917	central nervous system agent
Q50430121	pharmaceutic aid
Q50430193	pharmaceutical vehicle
Q50430248	Sensory System Agents
Q50430472	steroid synthesis inhibitor
Q5043	Christianity
Q50464	state or federal territory of Malaysia
Q50513	administrative territorial entity of Singapore
Q50556809	church element
Q5056668	lodging
Q5058355	Cell component
Q5064153	ceremonial dress
Q506883	free and open-source software
Q50705	square number
Q50706	square-free integer
Q50707	composite number
Q507619	chain
Q5078274	sketch
Q50808536	national handball team
Q50843134	intellectual competition
Q5084	hamlet
Q5093327	chess title
Q51031626	sport competition at a multi-sport event
Q51041800	religious administrative entity
Q5107	continent
Q5113	bird
Q5119	capital
Q5123997	city of federal subject significance of Russia
Q5127848	class
Q5135573	clothing material
Q5135744	religious community
Q5135744	religious institute
Q5146936	colleges within universities in the United Kingdom
Q5151	month
Q5153359	municipality of the Czech Republic
Q5153967	communal violence
Q515483	baladiyah
Q5155040	community project
Q5156940	oxygen compound
Q515716	prefecture
Q5159064	concrete bridge
Q515	city
Q51621	canonization
Q5165081	content format
Q516751	polyketide
Q5170155	Core Based Statistical Area
Q517267	prefecture
Q51734116	metallic material
Q517351	muhafazah
Q517386	live action
Q5175225	costumed character
Q518261	cultural area
Q51845395	memorial column
Q5185279	poem
Q518730	order of magnitude
Q5193352	cultural environment
Q5193377	cultural institution
Q51938570	entertainment software
Q52063183	classical state of matter
Q520777	boolean
Q5214867	federal territory
Q52162346	regional standard
Q52177058	civic building
Q522648	clothing in ancient Greece
Q522972	source code editor
Q52371	regiment
Q523	star
Q524648	language change
Q52551684	historical geographic location
Q5264406	designation
Q527091	competence
Q5273898	borough
Q5276122	digital newspaper
Q528166	client
Q5282923	distant minor planet
Q5283295	administration
Q5284036	Divided region
Q5292	encyclopedia
Q52943	conversation
Q52948	interaction
Q52	wiki
Q53060	gate
Q5307737	drinking establishment
Q531152	declarative programming
Q5328061	special local public entity
Q532	village
Q533309	administrative territorial entity of Norway
Q53369985	mitochondrial DNA haplogroup
Q5341295	educational organization
Q53463	constitutional amendment
Q5358404	electronic page
Q5369651	historical source
Q537127	road bridge
Q53764732	CJK character
Q53764738	Chinese character
Q5382940	epigroup
Q5386	auto racing
Q5389993	philosophical theory
Q5389	Olympic Games
Q5390013	belief system
Q5392830	encoder
Q5393774	NASCAR Cup race
Q5398426	television series
Q5410500	faith
Q54115138	municipality of New Jersey
Q5418608	evolution
Q5422048	external risk
Q5422256	extrasolar object
Q543654	seat of local government
Q5438003	fatty acid amide
Q5440532	federal holiday
Q5447188	solution
Q5457310	flammable liquid
Q546113	public policy
Q5462998	fluvial landform
Q5469988	formalization
Q5473816	Crown land
Q54831	amphitheatre
Q54875001	dioxane
Q5500964	freely redistributable software
Q55014976	congenital abnormality
Q55097243	defunct organization
Q5510053	fusillade
Q5510053	shooting attack
Q55155149	specification edition
Q55182671	undersea landform
Q55214844	type of medical procedure
Q552345	insignia
Q55237598	mobile software
Q55292	administrative territorial entity of the German Democratic Republic
Q55386700	Roman Catholic shrine
Q55412936	design element
Q55427767	Reproductive toxicant
Q55457081	statistical system
Q55462971	fluvial landform
Q55488	railway station
Q55490	through station
Q5549724	administrative territorial entity of Cuba
Q55511397	monoatomic anion
Q55511472	polyatomic cation
Q55523831	monocation
Q55523986	monoanion
Q55525180	carboxylate anion
Q55594385	dictionary of a specific language
Q55597235	organism form
Q55659167	natural watercourse
Q55672217	Anglican church
Q55678	railway halt
Q557206	Catholic university
Q5576009	God in Abrahamic religions
Q557770	Web API
Q558075	sexual violence
Q55818	impact crater
Q5588651	governing body
Q5589178	regime
Q558941	administrative territorial entity of Yemen
Q55915575	scholarly work
Q55935585	ITU-T recommendation
Q559618	fictional universe
Q56019	military rank
Q56019	rank
Q56019	title
Q56061	administrative region
Q56061	administrative territorial entity
Q5618454	gun violence
Q56190453	memorial complex
Q5621421	private company
Q56248902	Wikimedia community project
Q56256086	group of chemical compounds
Q56273712	source-available software
Q56299106	day of a calendar
Q5633421	scientific journal
Q56376142	sports federation
Q5639312	voivodeship
Q56557118	use status
Q56611639	media industry
Q56708982	hydrogen compound
Q567521	commercial company
Q56808349	language status
Q56815734	psychopathological syndrome
Q56876011	private corporation
Q570116	tourist attraction
Q5705	autonomous community
Q570	loudspeaker
Q571	book
Q57216	dish
Q572718	competence
Q573	day
Q57659484	exhibition hall
Q57660343	performing arts building
Q576759	Public Ivy
Q5773747	historic house
Q57773161	computing infrastructure
Q5778278	automatic firearm
Q57814795	domesticated mammal
Q57821	fortification
Q57842052	substituted benzene
Q578779	pure substance
Q579421	Soyuz
Q58079064	protestant cathedral
Q580939	commercial vehicle
Q581714	animated series
Q58197759	hurricane
Q583034	locally compact space
Q583865	territorial collectivity of France
Q58415929	spatio-temporal entity
Q58483088	choreographic work
Q585444	administrative district of Prague
Q58631461	bacterial vaccine
Q5871	white dwarf
Q5875	giant star
Q58778	system
Q588140	science museum
Q58854	literary criticism
Q5891	philosophy
Q5892272	web hosting service
Q58928516	meteorological concept
Q590870	cinematography
Q591041	scholarly publication
Q59157198	online resource
Q59163902	musical production
Q5916	spaceflight
Q5919191	military intervention
Q59199015	group of stereoisomers
Q592312	disk image file
Q59244106	game publisher
Q59348943	piperidine
Q59403898	natural resource wealth
Q59485450	global health emergency
Q59544	intangible cultural heritage
Q595523	notion
Q595871	star system
Q5961257	hypothetical astronomical object
Q5961279	hypothetical planet
Q5961	X-ray binary
Q5962346	classification system
Q59674586	ice cover
Q5999593	General fraternity
Q5	human
Q5	people
Q5	person
Q600236	operation
Q60026969	unit of concentration
Q600590	n-tuple
Q60060908	peptide hormones
Q6008527	undergraduate degree
Q601053	nth root
Q60170135	political alliance
Q6017969	point of view
Q6018565	combustion engine
Q60228812	agent processing personal data
Q6023295	burial or funerary  structures
Q6024226	metropolitan municipality
Q602446	lyrics
Q6027980	industrial region
Q602884	social phenomenon
Q60442637	rapid transit train service
Q60451	multiple barrel firearm
Q6046311	interface standard
Q604879	twins
Q604886	charter city of the United States
Q605175	astronomical catalog
Q60533566	Q60533566
Q60589804	presidential campaign
Q60662171	hegemony
Q6073630	irregular warfare
Q60754876	grade of an order
Q60790315	automorphism group
Q6097	tea
Q6098306	railway building
Q61002	pseudonym
Q61039291	knife attack
Q61089180	part of municipality in Czechia
Q61105129	association football venue
Q612229	municipality of Estonia
Q613299	statement
Q6138528	political coalition
Q614112	number of entities
Q61476	fatty acid
Q61509	travel
Q6156112	chronostratigraphic unit
Q6156156	geochronological unit
Q615699	Internet encyclopedia
Q615985	social software
Q61610698	SI unit
Q617332	setting
Q61748301	friendly tournament
Q61766772	Q61766772
Q61781831	curatorial department
Q61788060	human activity
Q618123	geographical object
Q618123	geographic object
Q618779	award
Q61937849	geophysical observatory
Q61960059	vegetarian restaurant
Q61961344	group of physical objects
Q62059246	public reserve
Q620615	mobile app
Q62079110	subsidiary entity
Q620805	theism
Q621184	problem
Q62122079	organ component
Q622416	motorboat
Q622821	calculation
Q623109	sports league
Q6243	variable star
Q62447	aerodrome
Q6256	country
Q625902	dimensionless number
Q625994	convention
Q625994	meeting
Q62602544	eating and lodging
Q62651817	program compilation
Q62662439	declaration
Q6266	nation
Q627093	Workers' council
Q628179	trail
Q62832	observatory
Q628403	conservation
Q628523	message
Q628858	workplace
Q628983	working ship
Q629085	multivalued function
Q629103	animal product
Q629206	computer language
Q629257	work accident
Q63046488	mythical ethnic group
Q63099748	hotel building
Q63100492	Atlantic North, Eastern and Central Pacific Tropical Cyclones
Q63100732	Northwest Pacific tropical cyclone
Q6311907	circuit court
Q6313217	time standard
Q63187345	religious occupation
Q63188683	Christian religious occupation
Q63203971	religious hymn
Q63241860	streaming service
Q63433687	fatty acyl
Q63434725	sterol lipids
Q634540	steep grade railway
Q634	planet
Q635155	creator deity
Q6382533	battalion
Q638	music
Q639197	instrumental music
Q63922515	hyperlocal manufacturing
Q63959448	fictional architectural structure
Q63975020	musical theatre character
Q639907	finding
Q639907	medical finding
Q64008413	variable date
Q640506	cabinet
Q641066	all-female band
Q641066	girl group
Q641226	arena
Q6412772	third-order administrative division
Q6418772	subdivision of the Byzantine Empire
Q64222248	catalog of works
Q64225319	bird
Q6423319	knowledge organization system
Q64250307	continental competition
Q6428598	Kompanie
Q6428674	era
Q643815	metropolitan or non-metropolitan county of England
Q64418	artillery
Q645883	military operation
Q6465	department
Q646728	administrative territorial entity of Finland
Q646754	open letter
Q64698788	carbohydrate derivative
Q64728694	proposed entity
Q64732777	biological phenomenon
Q64953083	car-free place
Q64960594	fictional spell
Q6498784	mathematical expression
Q6498903	supervillain
Q64995341	onium ion
Q6501447	local authority
Q6501447	local government
Q6502154	exploration
Q650241	financial institution
Q65045986	bicameral alphabet
Q65050417	Russia national football team
Q650605	administrative territorial entity of Zambia
Q650711	combat
Q6544379	lieutenancy area
Q6549417	liminal being
Q65553754	horeca chain
Q65553774	chain
Q655686	commercial building
Q655697	siege engine
Q65596220	live release
Q6566301	urban area in Nordic countries
Q6566418	Catholic particular church sui iuris
Q656720	workroom
Q657449	parade
Q65770134	Q65770134
Q65929831	United States currency
Q6592	trans-Neptunian object
Q65938634	quality control method
Q660064	initiative
Q66089252	pharmaceutical preparation
Q66194	cyclic compound
Q6619802	fictional mode of transport
Q66310125	nonbiological component
Q66310308	show garden
Q66344	monetary authority
Q66392784	Segment of arterial tree organ
Q66392	binary compound
Q66502406	property record
Q66502806	organ component gland
Q66507099	hormone
Q665487	diocese
Q66560214	biological macromolecule
Q66587127	oxidoreductase inhibitor
Q66592395	Cell component
Q6663997	local education agency
Q6664400	local government in New Jersey
Q6664406	local government in Pennsylvania
Q6664682	locally finite group
Q66664364	linguistics term
Q6671777	structure
Q66736191	army unit
Q66736694	workroom
Q66737643	size-specific military unit
Q667509	municipality of Austria
Q667661	reality
Q66817758	national tennis team
Q67008917	biological products
Q67016056	news magazine
Q67183571	transport terminal
Q67202850	former statistical territorial entity
Q67376938	historic county of the United Kingdom
Q674773	science museum
Q6752310	manual communication
Q676202	system software
Q676	prose
Q678146	bombardment
Q6784672	obec
Q67954132	pyrrole
Q679643	transport phenomena
Q679692	biopharmaceutical
Q6807904	meeting house
Q681263	open standard
Q681615	syndicate
Q6822327	metabelian group
Q6823473	meteorological disaster
Q683595	plot
Q683738	administrative subdivision of Wales
Q68455470	protected name
Q6852233	military building
Q6857882	military taxonomy
Q685884	vocal music
Q685935	trade magazine
Q68597252	periodic process
Q68773434	center
Q6881511	enterprise
Q6899005	monetary authority
Q68	computer
Q690175	angel in Judaism
Q6901969	monospecific antibody
Q6918890	Moufang loop
Q691899	kraj
Q69197847	coherent SI unit
Q6925559	mountain resort
Q6934578	multicameral legislature
Q69406583	automated information system
Q6942541	musical collective
Q6942562	musical performance
Q694536	American whiskey
Q6949149	mythic humanoid
Q6949213	mythological king
Q694969	jewellery chain
Q69506823	flag design
Q6955655	NUTS 1 statistical regions of England
Q6958747	work
Q697196	ocean liner
Q697295	shrine
Q697327	lawsuit
Q697379	administrative territorial entity of Romania
Q6979593	national association football team
Q6985603	neckwear
Q699405	home
Q699405	residence
Q6999	astronomical object
Q699	fairy tale
Q7000900	network search engine
Q701632	city council
Q701632	local council
Q701632	municipal council
Q701632	representative assembly
Q70208	municipality of Switzerland
Q702492	urban area
Q702842	municipal arrondissement
Q703534	employee
Q70378828	Catholic religious order
Q70551253	cellular anatomical entity
Q7058673	game franchise
Q7075	library
Q708676	charitable organization
Q70926212	sports festival
Q7094076	online database
Q7096323	open-access repository
Q70990126	creative work season
Q712378	organ
Q71266556	warfare and armed conflicts
Q7128792	combat sport
Q71377943	sulfur molecular entity
Q71381535	heterodetic cyclic peptide
Q7138926	parliament building
Q71421787	hydroxides
Q7148059	patriotic song
Q71525833	NAD(P)
Q71550118	individual quantity
Q71573538	oxacycle
Q71574018	organooxygen compound
Q7173	marine ecosystem
Q717478	administrative territorial entity of the United Kingdom
Q7174	democracy
Q7184903	abstract object
Q718570	circuit
Q7187	gene
Q7188	government
Q7189713	physiological condition
Q718	chess
Q71938993	phosphorus oxoanion
Q7194062	flying machine
Q71962386	gamma-ray source
Q71966963	religion or world view
Q72053253	unconfirmed astronomical object
Q7210356	political organisation
Q7217761	manned spacecraft
Q72185287	flavonoid superclass
Q72192270	N-substituted primary carboxamide
Q7225124	administrative territorial entity of Wisconsin
Q7230046	number with infinite decimal representation
Q723916	jet engine
Q7239	organism
Q7243147	primary legislation
Q7245071	principal area
Q7246032	privacy software
Q7246201	private foundation
Q7247798	product testing
Q7248094	professional school
Q724975	Gaussian integer
Q7257461	Public License
Q7257916	public institution of the United States
Q7257	ideology
Q726210	normed vector space
Q726870	brick and mortar company
Q7269307	meeting
Q72695611	chlorine compound
Q72697380	chlorobenzene
Q7269	monarchy
Q726	horse
Q7270	republic
Q7275	state
Q72775801	linguistic typology
Q7278	political party
Q728001	derivation
Q72801119	tertiary amine
Q7281	propaganda
Q728937	railway line
Q728	weapon
Q729309	superhuman
Q729438	economic integration
Q729	animal
Q730038	credit institution
Q7302601	recognition
Q7302866	audio track
Q730533	lect
Q73112927	neurotransmitter agent
Q7311342	religious controversy
Q7311343	religious corporation
Q7315155	research center
Q7315175	research park
Q7321258	sea mark
Q732374	pyramidal number
Q732577	publication
Q732717	law enforcement agency
Q732722	vortex
Q7328910	art collection
Q733553	channel
Q734698	collectible card game
Q734949	brushless DC electric motor
Q735	art
Q735	arts
Q736288	rate
Q73633	Paralympic Games
Q7366	song
Q736917	formation
Q7370260	rotary actuator
Q737498	academic journal
Q738621	main line
Q7390	human voice
Q739302	production
Q7397	software
Q740464	legal act
Q74047	abandoned village
Q74047	ghost town
Q7406919	service
Q740752	transport company
Q744296	wooden church
Q744913	aviation accident
Q7451779	separate legal entity
Q74562064	aromatic amide
Q7458208	reaction intermediate
Q746549	dish
Q746628	studio
Q747074	comune of Italy
Q747691	Natural
Q747883	physical activity
Q747980	polytope
Q748019	scientific society
Q74817647	aspect in a geographic region
Q748289	tribute
Q74835190	osmium compound
Q7493941	shelter
Q750215	mass murder
Q750277	administrative territorial entity of Latvia
Q750458	capital market
Q7512598	sign system
Q7515021	Silicon hydrides
Q751997	astronomical instrument
Q752673	asymmetric warfare
Q752870	motor vehicle
Q753297	discovery
Q754831	palindromic number
Q7550889	combat vehicle
Q7554349	software publisher
Q755673	search algorithm
Q755707	municipality of Norway
Q756820	worship
Q756	plant
Q75712837	cresol
Q757163	woody plant
Q7574061	spatial arrangement
Q75843001	benzodihydrofuran
Q758870	digital audio editor
Q758871	audio format
Q759676	task
Q7603708	legislature of a constituent state
Q7603913	state variable
Q7604491	statue of Jesus
Q7605393	steambath
Q7623897	all-female band
Q7631065	Subdivisions of Mozambique
Q7631075	administrative territorial entity of Switzerland
Q7632070	substance use disorder
Q76401672	statutory city
Q76419834	legal terminology
Q7643449	superhuman
Q765994	group object
Q76611	nonviolence
Q7667912	T-group
Q7674132	terrorism tactic
Q768186	sports equipment
Q76834680	surface feature
Q769603	non-metropolitan county
Q7696092	telecommunications service provider
Q769696	ethnic minority
Q770948	okres
Q7724161	television serial
Q7725310	series of creative works
Q7725634	literary work
Q774228	requirement
Q7743	home
Q7748	law
Q7754	analysis
Q7755	constitution
Q77570329	marketing tool
Q7766927	statutory law
Q7777570	theatrical production
Q7784285	thin group
Q779415	special administrative region
Q780687	rights
Q78080469	ternary function
Q780909	dating method in archaeology
Q781132	military branch
Q781413	mental process
Q781815	Passion
Q7832337	traditional fishing boat
Q7832362	traditional story
Q7834087	transformation language
Q783794	company
Q785745	tank locomotive
Q785952	public bath
Q7868	cell
Q787417	moveable bridge
Q7874246	Coxeter group
Q787489	automotive design
Q788176	autonomous administrative territorial entity
Q7882311	unary function
Q7884789	toponym
Q7887142	unit of analysis
Q7889	game
Q7889	video game
Q78908682	security risk
Q79007	street
Q791801	estimation process
Q7930989	city/town
Q7933607	viral phenomenon
Q7944	quake
Q795052	individual
Q79529	chemical substance
Q79602	cyclone
Q796194	medical procedure
Q79719	license
Q7973762	water spirit
Q79751	oligarchy
Q797769	peer production system
Q7978067	weapon testing
Q79782	motion
Q79872	object-oriented programming
Q79913	non-governmental organization
Q80006	computer programming
Q80071	symbol
Q8016240	trial
Q8027727	Wissenschaft
Q8031011	women's national team
Q804539	bactericide
Q8059357	youth wing
Q8063	rock
Q8065	natural disaster
Q806880	banner
Q8068	flood
Q80702	empire
Q8072	volcano
Q80793969	ranked list
Q80831	integrated circuit
Q80934076	muscle structure
Q81054	storm
Q81103	cannon
Q811430	construction
Q81163	polymer
Q811704	rolling stock class
Q811909	technological component
Q811979	architectural structure
Q812880	cube
Q813912	condition
Q813912	status
Q8142	currency
Q814610	emergency service
Q8148	industry
Q8162	linguistics
Q81639	exonym
Q81672	murder attempt
Q8171	word
Q81752537	professorship
Q8187769	economic activity
Q8192	writing system
Q81944	cutlery
Q8205328	artificial physical object
Q820655	legislation
Q820655	legislative act
Q824282	elementary function
Q8242	literature
Q8253	fiction
Q8261440	canal for transporting water
Q8261	novel
Q827335	abstract data type
Q8274	manga
Q82794	geographic region
Q82799	name
Q82821	tradition
Q828803	job title
Q829080	professional society
Q829548	over-the-top content
Q82955	politician
Q830077	subject
Q831663	campaign
Q83180	roof
Q83197	antimatter
Q832237	conservation
Q83267	crime
Q83267	offense
Q83306	group
Q83440	country
Q83478	group
Q835023	poetics
Q835153	physical examination
Q83620	thoroughfare
Q836270	polygonal number
Q8366	algorithm
Q836950	derivative work
Q837171	financial services
Q837495	part of
Q837766	local authority
Q838185	community, region or language area of Belgium
Q8386	drug
Q838948	work of art
Q839954	archaeological site
Q840676	fourth power
Q841418	strategic bombing
Q841628	social stratification
Q8424307	number with finite decimal representations
Q8425	society
Q8432	civilization
Q8434	education
Q843555	administrative territorial entity of the United Arab Emirates
Q8436	family
Q844569	identity
Q84467700	group or class of proteins
Q844911	superior planet
Q844947	landing
Q8458	human rights
Q846570	Americans
Q8465	civil war
Q846882	sources of law
Q847017	sports club
Q847027	grande école
Q847073	distance
Q8473	army
Q8473	military
Q848197	parliamentary group
Q84823091	region of Ukraine
Q848569	complete metric space
Q848944	merchant vessel
Q849275	civil time
Q8502	mountain
Q8513	database
Q851990	population group
Q852446	administrative territorial entity of the United States
Q85249348	territorial change
Q853614	code
Q853614	representation
Q853725	social relation
Q854954	videotelephony
Q855451	administrative territorial entity of Poland
Q855769	strain
Q856234	academic library
Q856584	library building
Q856638	library catalog
Q858439	presidential election
Q859275	countably compact space
Q860861	sculpture
Q862458	fusor
Q862761	interior
Q863404	subterranea
Q863583	binding agent
Q863908	Nucleic acid sequence
Q863944	land waters
Q864114	input device
Q864333	transcendental function
Q864377	multiset
Q864897	single-elimination tournament
Q865422	game controller
Q865588	committee
Q865811	generalized function
Q86622	governorate
Q86746756	medicinal product
Q867738	Christian school
Q868299	control flow
Q868410	graphics software
Q868473	smooth function
Q86860	Bible translation
Q86923152	risk source
Q870815	GLAM
Q870	train
Q871232	leader
Q871419	district of Austria
Q87167	manuscript
Q8719053	music venue
Q87252761	SI or accepted non-SI unit
Q87324999	serine proteases
Q87346013	carbohydrate binding proteins
Q874405	social group
Q875016	townhouse
Q875157	resort
Q875255	non-standard positional numeral system
Q875538	public university
Q876852	camp
Q87712833	Q87712833
Q878123	race
Q878249	alliance
Q8812109	church music
Q88569468	anthropomorphic rodent
Q88595380	anthropomorphic canine
Q88789639	artistic profession
Q88864296	disk storage format
Q890545	arch dam
Q891723	public company
Q89181204	Catholic monastic order
Q891854	bomb attack
Q8928	constellation
Q892901	reward program
Q895167	bounty
Q89522629	poetic form
Q895526	organ
Q89753576	assembly (the subject of article 11 ECHR)
Q898920	chalcogenide
Q899523	object-based language
Q899720	point group
Q899851	unsaturated compound
Q902085	homonym
Q902104	private university
Q902296	phytopharmaceuticals
Q902814	border town
Q904092	homopolysaccharide
Q904756	conversion
Q904756	religious conversion
Q905511	secondary source
Q906512	shipwrecking
Q907347	ferrous alloy
Q9081	knowledge
Q908656	preference
Q910919	administrative territorial entity of Cape Verde
Q911138	thickener
Q91122	bunker
Q911916	intensive or extensive property
Q912018	interferometer
Q91208233	non-homogeneous constant-recursive sequence
Q9135	operating system
Q9138795	acetylene
Q914262	administrative territorial entity of Sweden
Q9143	computer language
Q9143	programming language
Q9158768	storage
Q9159	monotheistic religion
Q917194	way of life
Q917284	climbing plant
Q9174	religion
Q918036	race
Q918346	election in the United Kingdom
Q9190427	animal disease
Q92111230	peripheral nerve
Q922203	code of law
Q925783	machine instruction
Q9261468	organizational subdivision
Q9268	Judaism
Q9282	crater
Q928830	metro station
Q929	car
Q9301005	administrative territorial entity of Libya
Q930164	conspiracy
Q930933	relation
Q9316670	prefecture of the People's Republic of China
Q93184	drawing
Q93204	documentary film
Q932586	filmmaking
Q93288	contract
Q93301	engine
Q93301	locomotive
Q936614	almost prime
Q936791	non-renewable resource
Q937228	attribute
Q937228	property
Q9381142	hill chain
Q9392615	large unit
Q9392635	carbonyl compound
Q939616	secret service
Q940	narcotic
Q941501	language group
Q9415	emotion
Q9420	thought
Q944806	operational risk
Q94920	Jewish holiday
Q9492	probability
Q949801	rotorcraft
Q95074	character
Q95074	fictional character
Q952274	departamento
Q953806	bus stop
Q955824	learned society
Q956214	chef-lieu
Q9592	Catholic church
Q959962	diagram
Q960648	point of interest
Q96084375	former building or structure
Q9609	vein
Q9620	nerve
Q962139	programming style
Q96244100	political archive
Q962636	master's degree in Europe
Q9647	gland
Q965330	estimate
Q968159	art movement
Q9687	traffic collision
Q970119	paracompact space
Q974850	missile
Q9748	concerto
Q975783	estate in land
Q977420	metal hydroxide
Q9779	alphabet
Q9779	alphabetic writing system
Q978297	binary system
Q9788	letter
Q978	meme
Q979507	Hindu deity
Q980357	grammatical category
Q98272210	sea mark
Q985394	editor
Q986008	payment system
Q987767	container
Q988108	club
Q988343	blood vessel
Q992253	confraternity
Q99517765	cultivated plant
Q99869898	air carrier
Q184767	signed languages
Q28855038	supernatural being
